# Blender 5.1.1
# www.blender.org
mtllib PBP1_Corner2_2sided.mtl
o PBP1_Corner2_2sided
v 4.172271 9.372485 4.185172
v 5.951300 -3.369255 7.680210
v 5.951300 -0.208432 7.680210
v 5.951300 -0.208432 7.837528
v 5.951300 -0.020061 7.680210
v 5.951300 -0.104040 7.926787
v 5.951300 -0.020061 7.926787
v 5.951300 -6.718450 7.680210
v 5.951300 -3.557626 7.680210
v 5.951300 -3.557626 7.837528
v 5.951300 -3.453234 7.926787
v 5.951300 -3.369255 7.937856
v 5.951300 -5.939373 7.680210
v 4.239934 -5.939373 7.680210
v 4.239934 -4.121930 7.680210
v 5.235864 -4.121930 7.680210
v 5.235864 -5.939373 7.680210
v 5.235864 -6.718450 7.680210
v 4.239934 -6.718450 7.680210
v 4.239934 -5.939373 7.515805
v 4.239934 -4.121930 7.515805
v 5.235864 -4.121930 7.515804
v 5.235864 -5.939373 7.515804
v 4.202115 -0.816921 7.680210
v 5.273682 -0.816921 7.680210
v 4.202115 -2.569626 7.680210
v 5.273682 -2.569626 7.680210
v 4.202115 -0.816921 7.515805
v 5.273682 -0.816921 7.515804
v 4.202115 -2.569626 7.515805
v 5.273682 -2.569626 7.515804
v 1.097689 -3.369255 7.680212
v 3.524494 -3.369255 7.680210
v 1.097689 -0.208432 7.680212
v 3.524494 -0.208432 7.680210
v 1.097689 -0.208432 7.837529
v 3.524495 -0.208432 7.837528
v 1.097689 -0.020061 7.680212
v 3.524494 -0.020061 7.680210
v 1.097689 -0.104040 7.926789
v 3.524495 -0.104040 7.926788
v 1.097689 -0.020061 7.926789
v 3.524495 -0.020061 7.926788
v 1.097689 -6.718450 7.680212
v 3.524494 -6.718450 7.680210
v 1.097689 -3.557626 7.680212
v 3.524494 -3.557626 7.680210
v 1.097689 -3.557626 7.837529
v 3.524495 -3.557626 7.837528
v 1.097689 -3.453234 7.926789
v 3.524495 -3.453234 7.926788
v 1.097689 -3.369255 7.937858
v 3.524495 -3.369255 7.937856
v 1.097689 -5.939373 7.680212
v 3.524494 -5.939373 7.680210
v 2.809058 -5.939373 7.680211
v 2.809058 -4.121930 7.680211
v 1.813126 -4.121930 7.680211
v 1.813126 -5.939373 7.680211
v 1.813126 -6.718450 7.680211
v 2.809058 -6.718450 7.680211
v 2.809058 -5.939373 7.515805
v 2.809058 -4.121930 7.515805
v 1.813126 -4.121930 7.515806
v 1.813126 -5.939373 7.515806
v 2.846876 -0.816921 7.680211
v 1.775309 -0.816921 7.680211
v 2.846876 -2.569626 7.680211
v 1.775309 -2.569626 7.680211
v 2.846876 -2.569626 7.515805
v 1.775309 -2.569626 7.515805
v 2.846876 -0.816921 7.515805
v 1.775309 -0.816921 7.515805
v -0.613679 -5.939373 7.680211
v -0.613679 -4.121930 7.680211
v 0.382251 -4.121930 7.680212
v 0.382251 -5.939373 7.680212
v 0.382251 -6.718450 7.680212
v -0.613679 -6.718450 7.680211
v -0.613679 -5.939373 7.515806
v -0.613679 -4.121930 7.515806
v 0.382251 -4.121930 7.515806
v 0.382251 -5.939373 7.515806
v -0.651497 -0.816921 7.680211
v 0.420068 -0.816921 7.680212
v -0.651497 -2.569626 7.680211
v 0.420068 -2.569626 7.680212
v -0.651497 -0.816921 7.515806
v 0.420070 -0.816921 7.515806
v -0.651497 -2.569626 7.515806
v 0.420070 -2.569626 7.515806
v -3.755925 -3.369255 7.680213
v -1.329119 -3.369255 7.680212
v -3.755925 -0.208432 7.680213
v -1.329119 -0.208432 7.680212
v -3.755925 -0.208432 7.837531
v -1.329119 -0.208432 7.837530
v -3.755925 -0.020061 7.680213
v -1.329117 -0.020061 7.680212
v -3.755925 -0.104040 7.926791
v -1.329119 -0.104040 7.926789
v -3.755925 -0.020061 7.926791
v -1.329117 -0.020061 7.926789
v -3.755925 -6.718450 7.680213
v -1.329119 -6.718450 7.680212
v -3.755925 -3.557626 7.680213
v -1.329119 -3.557626 7.680212
v -3.755925 -3.557626 7.837531
v -1.329119 -3.557626 7.837530
v -3.755925 -3.453234 7.926791
v -1.329119 -3.453234 7.926789
v -3.755925 -3.369255 7.937860
v -1.329117 -3.369255 7.937858
v -3.755925 -5.939373 7.680213
v -1.329119 -5.939373 7.680212
v -1.534220 -5.939373 7.680212
v -1.534220 -4.121929 7.680212
v -3.550824 -4.121929 7.680212
v -3.550824 -5.939373 7.680212
v -3.550824 -6.718450 7.680212
v -1.534220 -6.718450 7.680212
v -2.006738 -0.816921 7.680212
v -3.078305 -0.816921 7.680212
v -2.006738 -2.569626 7.680212
v -3.078305 -2.569626 7.680212
v -2.006738 -2.569626 7.515806
v -3.078305 -2.569626 7.515806
v -2.006738 -0.816921 7.515806
v -3.078305 -0.816921 7.515806
v -5.467293 -5.939373 7.680213
v -5.467293 -4.121930 7.680213
v -4.471361 -4.121930 7.680213
v -4.471361 -5.939373 7.680213
v -4.471363 -6.718450 7.680213
v -5.467293 -6.718450 7.680213
v -5.467293 -5.939373 7.515808
v -5.467293 -4.121930 7.515808
v -4.471361 -4.121930 7.515808
v -4.471361 -5.939373 7.515808
v -5.505110 -0.816921 7.680213
v -4.433543 -0.816921 7.680213
v -5.505110 -2.569626 7.680213
v -4.433543 -2.569626 7.680213
v -5.505110 -0.816921 7.515808
v -4.433543 -0.816921 7.515808
v -5.505110 -2.569626 7.515808
v -4.433543 -2.569626 7.515808
v -8.609538 -3.369255 7.680215
v -6.182733 -3.369255 7.680213
v -8.609538 -0.208432 7.680215
v -6.182733 -0.208432 7.680213
v -8.609538 -0.208432 7.837533
v -6.182733 -0.208432 7.837531
v -8.609538 -0.020061 7.680215
v -6.182733 -0.020061 7.680213
v -8.609538 -0.104040 7.926793
v -6.182733 -0.104040 7.926791
v -8.609538 -0.020061 7.926793
v -6.182733 -0.020061 7.926791
v -8.609538 -6.718450 7.680215
v -6.182733 -6.718450 7.680213
v -8.609538 -3.557626 7.680215
v -6.182733 -3.557626 7.680213
v -8.609538 -3.557626 7.837533
v -6.182733 -3.557626 7.837531
v -8.609538 -3.453234 7.926793
v -6.182733 -3.453234 7.926791
v -8.609538 -3.369255 7.937861
v -6.182733 -3.369255 7.937859
v -8.609538 -5.939373 7.680215
v -6.182733 -5.939373 7.680213
v -6.898169 -5.939373 7.680214
v -6.898169 -4.121930 7.680214
v -7.894099 -4.121930 7.680214
v -7.894099 -5.939373 7.680214
v -7.894099 -6.718450 7.680214
v -6.898169 -6.718450 7.680214
v -6.898169 -5.939373 7.515809
v -6.898169 -4.121930 7.515809
v -7.894099 -4.121930 7.515809
v -7.894099 -5.939373 7.515809
v -6.860351 -0.816921 7.680214
v -7.931920 -0.816921 7.680214
v -6.860351 -2.569626 7.680214
v -7.931920 -2.569626 7.680214
v -6.860351 -2.569626 7.515808
v -7.931916 -2.569626 7.515808
v -6.860351 -0.816921 7.515808
v -7.931916 -0.816921 7.515808
v -10.320908 -5.939373 7.680214
v -10.320908 -4.121930 7.680214
v -9.324974 -4.121930 7.680214
v -9.324974 -5.939373 7.680214
v -9.324974 -6.718450 7.680214
v -10.320908 -6.718450 7.680214
v -10.320908 -5.939373 7.515810
v -10.320908 -4.121930 7.515810
v -9.324974 -4.121930 7.515809
v -9.324974 -5.939373 7.515809
v -10.358726 -0.816921 7.680214
v -9.287156 -0.816921 7.680214
v -10.358726 -2.569626 7.680214
v -9.287156 -2.569626 7.680214
v -10.358726 -0.816921 7.515810
v -9.287156 -0.816921 7.515809
v -10.358726 -2.569626 7.515810
v -9.287156 -2.569626 7.515809
v -13.459085 -3.369256 7.680216
v -11.036347 -3.369255 7.680215
v -13.459085 -0.208432 7.680216
v -11.036347 -0.208432 7.680215
v -13.459085 -0.208432 7.837534
v -11.036347 -0.208432 7.837533
v -13.459085 -0.020062 7.680216
v -11.036347 -0.020061 7.680215
v -13.459085 -0.104040 7.926795
v -11.036347 -0.104040 7.926793
v -13.459085 -0.020062 7.926795
v -11.036347 -0.020061 7.926793
v -13.459085 -6.718451 7.680216
v -11.036347 -6.718450 7.680215
v -13.459085 -3.557626 7.680216
v -11.036347 -3.557626 7.680215
v -13.459085 -3.557626 7.837534
v -11.036347 -3.557626 7.837533
v -13.459085 -3.453234 7.926795
v -11.036347 -3.453234 7.926793
v -13.459085 -3.369256 7.937863
v -11.036347 -3.369255 7.937861
v -13.459085 -5.939373 7.680216
v -11.036347 -5.939373 7.680215
v -11.751783 -5.939373 7.680215
v -11.751783 -4.121930 7.680215
v -12.747714 -4.121930 7.680216
v -12.747714 -5.939373 7.680216
v -12.747714 -6.718450 7.680216
v -11.751783 -6.718450 7.680215
v -11.751783 -5.939373 7.515810
v -11.751783 -4.121930 7.515810
v -12.747714 -4.121930 7.515811
v -12.747714 -5.939373 7.515811
v -11.713966 -0.816921 7.680215
v -12.785531 -0.816921 7.680216
v -11.713966 -2.569626 7.680215
v -12.785531 -2.569626 7.680216
v -11.713966 -2.569626 7.515810
v -12.785531 -2.569626 7.515810
v -11.713966 -0.816921 7.515810
v -12.785531 -0.816921 7.515810
v -9.340560 2.490030 7.534941
v -10.264709 2.490030 7.534941
v -9.340560 0.694071 7.534941
v -10.264709 0.694071 7.534941
v -9.340560 2.490030 7.680210
v -10.264709 2.490030 7.680210
v -9.340560 0.694071 7.680210
v -10.264709 0.694071 7.680210
v -4.486955 2.490030 7.534938
v -5.411104 2.490030 7.534938
v -4.486955 0.694071 7.534938
v 5.951308 -0.208432 7.598310
v 5.951308 -0.020061 7.598310
v -5.411104 0.694071 7.534938
v -4.486955 2.490030 7.680206
v -1.534220 -5.939373 7.499011
v -1.534220 -4.121929 7.499011
v -3.550824 -4.121929 7.499012
v -3.550824 -5.939373 7.499012
v -3.550824 -6.718450 7.499012
v -1.534220 -6.718450 7.499011
v -5.411104 2.490030 7.680207
v -4.486955 0.694071 7.680206
v -5.411104 0.694071 7.680207
v 0.366663 2.490030 7.534938
v -0.557487 2.490030 7.534938
v 0.366663 0.694071 7.534938
v -0.557487 0.694071 7.534938
v 0.366663 2.490030 7.680207
v -0.557487 2.490030 7.680206
v 0.366663 0.694071 7.680207
v -0.557487 0.694071 7.680206
v 5.220266 2.490030 7.534935
v -13.459086 -0.208432 4.185165
v -13.459086 -6.718452 4.185165
v -13.459086 -3.557628 4.185165
v 4.296117 2.490030 7.534935
v 5.220266 0.694071 7.534935
v 4.296117 0.694071 7.534935
v 5.220266 2.490030 7.680203
v 4.296117 2.490030 7.680203
v 5.220266 0.694071 7.680203
v 4.296117 0.694071 7.680203
v 1.828707 2.490030 7.534944
v 2.752856 2.490030 7.534944
v 1.828707 0.694071 7.534944
v 2.752856 0.694071 7.534944
v 1.828707 2.490030 7.680212
v 2.752856 2.490030 7.680212
v 1.828707 0.694071 7.680212
v 2.752856 0.694071 7.680212
v -3.024899 2.490030 7.534944
v -2.100748 2.490030 7.534944
v -3.024899 0.694071 7.534944
v -2.100748 0.694071 7.534944
v -3.024899 2.490030 7.680212
v -2.100748 2.490030 7.680212
v -3.024899 0.694071 7.680212
v -2.100748 0.694071 7.680212
v -7.878512 2.490030 7.534947
v -6.954363 2.490030 7.534947
v -7.878512 0.694071 7.534947
v -6.954363 0.694071 7.534947
v -7.878512 2.490030 7.680215
v -6.954363 2.490030 7.680215
v -7.878512 0.694071 7.680215
v -6.954363 0.694071 7.680215
v -12.732120 2.490030 7.534947
v -11.807970 2.490030 7.534947
v -12.732120 0.694071 7.534947
v -11.807970 0.694071 7.534947
v -12.732120 2.490030 7.680216
v -11.807970 2.490030 7.680215
v -12.732120 0.694071 7.680216
v -11.807970 0.694071 7.680215
v -13.459086 3.140763 4.185165
v -13.459085 3.140763 7.680216
v -11.036347 3.140763 7.680215
v -8.609538 3.140763 7.680215
v -6.182733 3.140763 7.680213
v -3.755925 3.140763 7.680213
v -1.329119 3.140763 7.680212
v 1.097689 3.140763 7.680212
v 3.524494 3.140763 7.680210
v 5.951300 3.140763 7.680210
v 5.951300 6.678327 7.926787
v 5.951300 6.594348 7.926787
v 5.951300 6.489957 7.837528
v 5.951300 6.489957 7.680210
v 3.524495 6.678327 7.926788
v 1.097689 6.678327 7.926789
v 3.524495 6.594348 7.926788
v 1.097689 6.594348 7.926789
v 3.524495 6.489957 7.837528
v 1.097689 6.489957 7.837529
v 3.524494 6.489957 7.680210
v 1.097689 6.489957 7.680212
v -1.329117 6.678327 7.926789
v -3.755925 6.678327 7.926791
v -1.329119 6.594348 7.926789
v -3.755925 6.594348 7.926791
v -1.329119 6.489957 7.837530
v -3.755925 6.489957 7.837531
v -1.329119 6.489957 7.680212
v -3.755925 6.489957 7.680213
v -6.182733 6.678327 7.926791
v -8.609538 6.678327 7.926793
v -6.182733 6.594348 7.926791
v -8.609538 6.594348 7.926793
v -6.182733 6.489957 7.837531
v -8.609538 6.489957 7.837533
v -6.182733 6.489957 7.680213
v -8.609538 6.489957 7.680215
v -11.036347 6.678327 7.926793
v -13.459085 6.678328 7.926795
v -11.036347 6.594348 7.926793
v -13.459085 6.594348 7.926795
v -13.459085 6.678328 7.680216
v -11.036347 6.489957 7.837533
v -13.459085 6.489957 7.837534
v -11.036347 6.489957 7.680215
v -13.459085 6.489957 7.680216
v 1.102512 9.372484 4.185165
v -1.324298 9.372484 4.185165
v -3.751104 9.372484 4.185165
v -6.177909 9.372484 4.185165
v -8.604719 9.372484 4.185165
v -11.031529 9.372484 4.185166
v -13.459086 9.372485 4.185165
v -13.459086 6.489957 4.185165
v -13.459086 9.152058 4.185165
v -11.807970 4.043266 7.680215
v -12.732120 4.043266 7.680216
v -11.807970 5.839224 7.680215
v -12.732120 5.839224 7.680216
v -11.807970 4.043266 7.534947
v -12.732120 4.043266 7.534947
v -11.807970 5.839224 7.534947
v -12.732120 5.839224 7.534947
v -6.954363 4.043266 7.680215
v -7.878512 4.043266 7.680215
v -6.954363 5.839224 7.680215
v -7.878512 5.839224 7.680215
v -6.954363 4.043266 7.534947
v -7.878512 4.043266 7.534947
v -6.954363 5.839224 7.534947
v -7.878512 5.839224 7.534947
v -2.100748 4.043266 7.680212
v -3.024899 4.043266 7.680212
v -2.100748 5.839224 7.680212
v -3.024899 5.839224 7.680212
v -2.100748 4.043266 7.534944
v -3.024899 4.043266 7.534944
v -2.100748 5.839224 7.534944
v -3.024899 5.839224 7.534944
v 2.752856 4.043266 7.680212
v 1.828707 4.043266 7.680212
v 2.752856 5.839224 7.680212
v 1.828707 5.839224 7.680212
v 2.752856 4.043266 7.534944
v 1.828707 4.043266 7.534944
v 2.752856 5.839224 7.534944
v 1.828707 5.839224 7.534944
v 4.296117 4.043266 7.680203
v 5.220266 4.043266 7.680203
v 4.296117 5.839224 7.680203
v 5.220266 5.839224 7.680203
v 4.296117 4.043266 7.534935
v 5.220266 4.043266 7.534935
v 4.296117 5.839224 7.534935
v 5.220266 5.839224 7.534935
v -0.557487 4.043266 7.680206
v 0.366663 4.043266 7.680207
v -0.557487 5.839224 7.680206
v 0.366663 5.839224 7.680207
v -0.557487 4.043266 7.534938
v 0.366663 4.043266 7.534938
v -0.557487 5.839224 7.534938
v 0.366663 5.839224 7.534938
v -5.411104 4.043266 7.680207
v -4.486955 4.043266 7.680206
v -5.411104 5.839224 7.680207
v -4.486955 5.839224 7.680206
v -5.411104 4.043266 7.534938
v -4.486955 4.043266 7.534938
v -5.411104 5.839224 7.534938
v -4.486955 5.839224 7.534938
v -10.264709 4.043266 7.680210
v -9.340560 4.043266 7.680210
v -10.264709 5.839224 7.680210
v -9.340560 5.839224 7.680210
v -10.264709 4.043266 7.534941
v -9.340560 4.043266 7.534941
v -10.264709 5.839224 7.534941
v -9.340560 5.839224 7.534941
v 5.951300 3.140762 7.837528
v 5.951300 3.329133 7.680210
v 5.951300 3.245154 7.926787
v 5.951300 3.329133 7.926787
v 1.097689 3.140762 7.837529
v 3.524495 3.140762 7.837528
v 1.097689 3.329133 7.680212
v 3.524494 3.329133 7.680210
v 1.097689 3.245154 7.926789
v 3.524495 3.245154 7.926788
v 1.097689 3.329133 7.926789
v 3.524495 3.329133 7.926788
v -3.755925 3.140762 7.837531
v -1.329119 3.140762 7.837530
v -3.755925 3.329133 7.680213
v -1.329117 3.329133 7.680212
v -3.755925 3.245154 7.926791
v -1.329119 3.245154 7.926789
v -3.755925 3.329133 7.926791
v -1.329117 3.329133 7.926789
v -8.609538 3.140762 7.837533
v -6.182733 3.140762 7.837531
v -8.609538 3.329133 7.680215
v -6.182733 3.329133 7.680213
v -8.609538 3.245154 7.926793
v -6.182733 3.245154 7.926791
v -8.609538 3.329133 7.926793
v -6.182733 3.329133 7.926791
v -13.459085 3.140762 7.837534
v -11.036347 3.140762 7.837533
v -13.459085 3.329133 7.680216
v -11.036347 3.329133 7.680215
v -13.459085 3.245154 7.926795
v -11.036347 3.245154 7.926793
v -13.459085 3.329133 7.926795
v -11.036347 3.329133 7.926793
v -2.542520 -4.121929 7.499012
v -2.542520 -6.718450 7.499012
v 6.468213 4.043266 7.163302
v 7.121686 4.043266 6.509830
v 7.667316 6.489958 5.964198
v 7.667316 3.140763 5.964198
v 7.121686 0.694071 6.509830
v 6.468213 0.694071 7.163302
v 7.121686 2.490031 6.509830
v 6.468213 2.490031 7.163302
v 7.018964 0.694071 6.407109
v 6.365495 0.694071 7.060582
v 7.018964 2.490031 6.407109
v 6.365495 2.490031 7.060582
v 6.314202 -0.816921 7.084806
v 7.071914 -0.816921 6.327094
v 6.314202 -2.569626 7.084806
v 7.071914 -2.569626 6.327094
v 6.430455 -2.569626 7.201059
v 7.188167 -2.569626 6.443347
v 6.430455 -0.816921 7.201059
v 7.188167 -0.816921 6.443347
v 6.340944 -5.939373 7.058067
v 6.340944 -4.121930 7.058067
v 7.045173 -4.121930 6.353836
v 7.045173 -5.939373 6.353836
v 7.161425 -6.718451 6.470088
v 6.457195 -6.718451 7.174319
v 6.457195 -5.939373 7.174319
v 6.457195 -4.121930 7.174319
v 7.161425 -4.121930 6.470088
v 7.161425 -5.939373 6.470088
v 7.667316 -5.939373 5.964198
v 7.667316 -3.557626 5.964198
v 7.667316 -6.718451 5.964198
v 7.667316 -0.020061 5.964198
v 7.667316 -0.208432 5.964198
v 7.667316 -3.369256 5.964198
v 7.121686 5.839225 6.509830
v 6.468213 5.839225 7.163302
v 7.018964 4.043266 6.407109
v 6.365495 4.043266 7.060582
v 7.018964 5.839225 6.407109
v 6.365495 5.839225 7.060582
v 7.667316 3.329134 5.964198
v 7.824636 -0.208431 5.964198
v 7.913895 -0.104040 5.964198
v 7.913895 -0.020061 5.964198
v 7.824636 -3.557625 5.964198
v 7.913895 -3.453233 5.964198
v 7.924964 -3.369255 5.964198
v 7.667315 -5.939373 4.252832
v 7.667315 -4.121929 4.252832
v 7.667318 -4.121929 5.248762
v 7.667318 -5.939373 5.248762
v 7.667318 -6.718450 5.248762
v 7.667315 -6.718450 4.252832
v 7.502912 -5.939373 4.252832
v 7.502912 -4.121929 4.252832
v 7.502913 -4.121929 5.248762
v 7.502913 -5.939373 5.248762
v 7.667315 -0.816920 4.215013
v 7.667318 -0.816920 5.286579
v 7.667315 -2.569626 4.215013
v 7.667318 -2.569626 5.286579
v 7.502912 -0.816920 4.215013
v 7.502913 -0.816920 5.286579
v 7.502912 -2.569626 4.215013
v 7.502913 -2.569626 5.286579
v 7.667316 -3.369255 1.110587
v 7.667315 -3.369255 3.537392
v 7.667316 -0.208431 1.110587
v 7.667315 -0.208431 3.537392
v 7.824634 -0.208431 1.110587
v 7.824635 -0.208431 3.537392
v 7.667316 -0.020061 1.110587
v 7.667315 -0.020061 3.537392
v 7.913894 -0.104040 1.110587
v 7.913894 -0.104040 3.537392
v 7.913894 -0.020061 1.110587
v 7.913894 -0.020061 3.537392
v 7.667316 -6.718450 1.110587
v 7.667315 -6.718450 3.537392
v 7.667316 -3.557625 1.110587
v 7.667315 -3.557625 3.537392
v 7.824634 -3.557625 1.110587
v 7.824635 -3.557625 3.537392
v 7.913894 -3.453233 1.110587
v 7.913894 -3.453233 3.537392
v 7.924963 -3.369255 1.110587
v 7.924962 -3.369255 3.537392
v 7.667316 -5.939373 1.110587
v 7.667315 -5.939373 3.537392
v 7.667315 -5.939373 2.821956
v 7.667315 -4.121929 2.821956
v 7.667316 -4.121929 1.826023
v 7.667316 -5.939373 1.826023
v 7.667316 -6.718450 1.826023
v 7.667315 -6.718450 2.821956
v 7.502912 -5.939373 2.821956
v 7.502912 -4.121929 2.821956
v 7.502911 -4.121929 1.826023
v 7.502911 -5.939373 1.826023
v 7.667315 -0.816920 2.859774
v 7.667316 -0.816920 1.788206
v 7.667315 -2.569626 2.859774
v 7.667316 -2.569626 1.788206
v 7.502910 -2.569626 2.859774
v 7.502909 -2.569626 1.788206
v 7.502910 -0.816920 2.859774
v 7.502909 -0.816920 1.788206
v 7.667314 -5.939373 -0.600783
v 7.667314 -4.121929 -0.600783
v 7.667314 -4.121929 0.395148
v 7.667314 -5.939373 0.395148
v 7.667314 -6.718450 0.395147
v 7.667314 -6.718450 -0.600783
v 7.502909 -5.939373 -0.600783
v 7.502909 -4.121929 -0.600783
v 7.502911 -4.121929 0.395149
v 7.502911 -5.939373 0.395149
v 7.667314 -0.816920 -0.638600
v 7.667314 -0.816920 0.432966
v 7.667314 -2.569626 -0.638600
v 7.667314 -2.569626 0.432966
v 7.502909 -0.816920 -0.638600
v 7.502911 -0.816920 0.432967
v 7.502909 -2.569626 -0.638600
v 7.502911 -2.569626 0.432967
v 7.667315 -3.369255 -3.743027
v 7.667314 -3.369255 -1.316222
v 7.667315 -0.208431 -3.743027
v 7.667314 -0.208431 -1.316222
v 7.824632 -0.208431 -3.743028
v 7.824633 -0.208431 -1.316222
v 7.667315 -0.020061 -3.743027
v 7.667314 -0.020061 -1.316220
v 7.913892 -0.104040 -3.743028
v 7.913893 -0.104040 -1.316222
v 7.913892 -0.020061 -3.743028
v 7.913893 -0.020061 -1.316220
v 7.667315 -6.718450 -3.743027
v 7.667314 -6.718450 -1.316222
v 7.667315 -3.557625 -3.743027
v 7.667314 -3.557625 -1.316222
v 7.824632 -3.557625 -3.743028
v 7.824633 -3.557625 -1.316222
v 7.913892 -3.453233 -3.743028
v 7.913893 -3.453233 -1.316222
v 7.924961 -3.369255 -3.743028
v 7.924960 -3.369255 -1.316220
v 7.667315 -5.939373 -3.743027
v 7.667314 -5.939373 -1.316222
v 7.667314 -5.939373 -1.521321
v 7.667314 -4.121929 -1.521321
v 7.667313 -4.121929 -3.537925
v 7.667313 -5.939373 -3.537925
v 7.667313 -6.718450 -3.537925
v 7.667314 -6.718450 -1.521321
v 7.667314 -0.816920 -1.993840
v 7.667315 -0.816920 -3.065406
v 7.667314 -2.569626 -1.993840
v 7.667315 -2.569626 -3.065406
v 7.502908 -2.569626 -1.993840
v 7.502908 -2.569626 -3.065406
v 7.502908 -0.816920 -1.993840
v 7.502908 -0.816920 -3.065406
v 7.667312 -5.939373 -5.454396
v 7.667312 -4.121929 -5.454396
v 7.667313 -4.121929 -4.458463
v 7.667313 -5.939373 -4.458463
v 7.667313 -6.718450 -4.458465
v 7.667312 -6.718450 -5.454396
v 7.502907 -5.939373 -5.454396
v 7.502907 -4.121929 -5.454396
v 7.502909 -4.121929 -4.458463
v 7.502909 -5.939373 -4.458463
v 7.667312 -0.816920 -5.492213
v 7.667313 -0.816920 -4.420646
v 7.667312 -2.569626 -5.492213
v 7.667313 -2.569626 -4.420646
v 7.502907 -0.816920 -5.492213
v 7.502909 -0.816920 -4.420646
v 7.502907 -2.569626 -5.492213
v 7.502909 -2.569626 -4.420646
v 7.667311 -3.369255 -8.596640
v 7.667312 -3.369255 -6.169835
v 7.667311 -0.208431 -8.596640
v 7.667312 -0.208431 -6.169835
v 7.824631 -0.208431 -8.596640
v 7.824630 -0.208431 -6.169832
v 7.667311 -0.020061 -8.596640
v 7.667312 -0.020061 -6.169835
v 7.913890 -0.104040 -8.596640
v 7.913891 -0.104040 -6.169835
v 7.913890 -0.020061 -8.596640
v 7.913891 -0.020061 -6.169835
v 7.667311 -6.718450 -8.596640
v 7.667312 -6.718450 -6.169835
v 7.667311 -3.557625 -8.596640
v 7.667312 -3.557625 -6.169835
v 7.824631 -3.557625 -8.596640
v 7.824630 -3.557625 -6.169832
v 7.913890 -3.453233 -8.596640
v 7.913891 -3.453233 -6.169835
v 7.924958 -3.369255 -8.596640
v 7.924959 -3.369255 -6.169835
v 7.667311 -5.939373 -8.596640
v 7.667312 -5.939373 -6.169835
v 7.667312 -5.939373 -6.885270
v 7.667312 -4.121929 -6.885270
v 7.667312 -4.121929 -7.881201
v 7.667312 -5.939373 -7.881201
v 7.667312 -6.718450 -7.881201
v 7.667312 -6.718450 -6.885270
v 7.502906 -5.939373 -6.885270
v 7.502906 -4.121929 -6.885270
v 7.502908 -4.121929 -7.881201
v 7.502908 -5.939373 -7.881201
v 7.667312 -0.816920 -6.847453
v 7.667312 -0.816920 -7.919020
v 7.667312 -2.569626 -6.847453
v 7.667312 -2.569626 -7.919020
v 7.502906 -2.569626 -6.847451
v 7.502906 -2.569626 -7.919018
v 7.502906 -0.816920 -6.847451
v 7.502906 -0.816920 -7.919018
v 7.667311 -5.939373 -10.308011
v 7.667311 -4.121929 -10.308011
v 7.667311 -4.121929 -9.312077
v 7.667311 -5.939373 -9.312077
v 7.667311 -6.718450 -9.312077
v 7.667311 -6.718450 -10.308011
v 7.502905 -5.939373 -10.308011
v 7.502905 -4.121929 -10.308011
v 7.502906 -4.121929 -9.312077
v 7.502906 -5.939373 -9.312077
v 7.667311 -0.816920 -10.345828
v 7.667311 -0.816920 -9.274260
v 7.667311 -2.569626 -10.345828
v 7.667311 -2.569626 -9.274260
v 7.502905 -0.816920 -10.345828
v 7.502906 -0.816920 -9.274260
v 7.502905 -2.569626 -10.345828
v 7.502906 -2.569626 -9.274260
v 7.667310 -3.369255 -13.449685
v 7.667310 -3.369255 -11.023449
v 7.667310 -0.208431 -13.449685
v 7.667310 -0.208431 -11.023449
v 7.824629 -0.208432 -13.449685
v 7.824628 -0.208431 -11.023449
v 7.667310 -0.020061 -13.449685
v 7.667310 -0.020061 -11.023449
v 7.913889 -0.104040 -13.449685
v 7.913889 -0.104040 -11.023449
v 7.913889 -0.020061 -13.449685
v 7.913889 -0.020061 -11.023449
v 7.667310 -6.718451 -13.449685
v 7.667310 -3.557626 -13.449685
v 7.667310 -3.557625 -11.023449
v 7.824629 -3.557626 -13.449685
v 7.824628 -3.557625 -11.023449
v 7.913889 -3.453234 -13.449685
v 7.913889 -3.453233 -11.023449
v 7.924957 -3.369255 -13.449685
v 7.924957 -3.369255 -11.023449
v 7.667310 -5.939373 -13.449685
v 7.667310 -5.939373 -11.023449
v 7.667310 -5.939373 -11.738886
v 7.667310 -4.121929 -11.738886
v 7.667310 -4.121929 -12.734817
v 7.667310 -5.939373 -12.734817
v 7.667310 -6.718450 -12.734817
v 7.667310 -6.718450 -11.738886
v 7.502905 -5.939373 -11.738886
v 7.502905 -4.121929 -11.738886
v 7.502904 -4.121929 -12.734817
v 7.502904 -5.939373 -12.734817
v 7.667310 -0.816920 -11.701069
v 7.667310 -0.816920 -12.772634
v 7.667310 -2.569626 -11.701069
v 7.667310 -2.569626 -12.772634
v 7.502905 -2.569626 -11.701069
v 7.502904 -2.569626 -12.772634
v 7.502905 -0.816920 -11.701069
v 7.502904 -0.816920 -12.772634
v 7.522039 2.490031 -9.327662
v 7.522038 2.490031 -10.251811
v 7.522039 0.694072 -9.327662
v 7.522038 0.694072 -10.251811
v 7.667307 2.490031 -9.327662
v 7.667307 2.490031 -10.251811
v 7.667307 0.694072 -9.327662
v 7.667307 0.694072 -10.251811
v 4.172270 3.140763 -13.449688
v 4.172270 -3.557628 -13.449688
v 4.172270 -6.718452 -13.449688
v 4.172270 -0.208432 -13.449688
v 7.522038 2.490031 -4.474056
v 7.522038 2.490031 -5.398207
v 7.522038 0.694072 -4.474056
v 7.585417 -0.208431 5.964205
v 7.585417 -0.020061 5.964205
v 7.522038 0.694072 -5.398207
v 7.667307 2.490031 -4.474056
v 7.486114 -5.939373 -1.521321
v 7.486114 -4.121929 -1.521321
v 7.486114 -4.121929 -3.537925
v 7.486114 -5.939373 -3.537925
v 7.486114 -6.718450 -3.537925
v 7.486114 -6.718450 -1.521321
v 7.667306 2.490031 -5.398207
v 7.667307 0.694072 -4.474056
v 7.667306 0.694072 -5.398207
v 7.522042 2.490031 0.379560
v 7.522042 2.490031 -0.544590
v 7.522042 0.694072 0.379560
v 7.522042 0.694072 -0.544590
v 7.667310 2.490031 0.379560
v 7.667310 2.490031 -0.544590
v 7.667310 0.694072 0.379560
v 7.667310 0.694072 -0.544590
v 7.522042 2.490031 5.233164
v 7.522041 2.490031 4.309016
v 7.522042 0.694072 5.233164
v 7.522041 0.694072 4.309016
v 7.667310 2.490031 5.233164
v 7.667310 2.490031 4.309016
v 7.667310 0.694072 5.233164
v 7.667310 0.694072 4.309016
v 7.522050 2.490031 1.841604
v 7.522048 2.490031 2.765754
v 7.522050 0.694072 1.841604
v 7.522048 0.694072 2.765754
v 7.667316 2.490031 1.841604
v 7.667317 2.490031 2.765754
v 7.667316 0.694072 1.841604
v 7.667317 0.694072 2.765754
v 7.522047 2.490031 -3.012001
v 7.522045 2.490031 -2.087851
v 7.522047 0.694072 -3.012001
v 7.522045 0.694072 -2.087851
v 7.667313 2.490031 -3.012001
v 7.667314 2.490031 -2.087851
v 7.667313 0.694072 -3.012001
v 7.667314 0.694072 -2.087851
v 7.522045 2.490031 -7.865616
v 7.522045 2.490031 -6.941465
v 7.522045 0.694072 -7.865616
v 7.522045 0.694072 -6.941465
v 7.667314 2.490031 -7.865616
v 7.667314 2.490031 -6.941465
v 7.667314 0.694072 -7.865616
v 7.667314 0.694072 -6.941465
v 7.522041 2.490031 -12.719221
v 7.522042 2.490031 -11.795074
v 7.522041 0.694072 -12.719221
v 7.522042 0.694072 -11.795074
v 7.667310 2.490031 -12.719221
v 7.667310 2.490031 -11.795074
v 7.667310 0.694072 -12.719221
v 7.667310 0.694072 -11.795074
v 7.667310 3.140763 -13.449685
v 7.667310 3.140763 -11.023449
v 7.667311 3.140763 -8.596640
v 7.667312 3.140763 -6.169835
v 7.667315 3.140763 -3.743027
v 7.667314 3.140763 -1.316222
v 7.667316 3.140763 1.110587
v 7.667315 3.140763 3.537392
v 7.913895 6.678327 5.964198
v 7.913895 6.594348 5.964198
v 7.824636 6.489957 5.964198
v 7.913894 6.678327 3.537392
v 7.913894 6.678327 1.110587
v 7.913894 6.594348 3.537392
v 7.913894 6.594348 1.110587
v 7.824635 6.489957 3.537392
v 7.824634 6.489957 1.110587
v 7.667315 6.489957 3.537392
v 7.667316 6.489957 1.110587
v 7.913893 6.678327 -1.316220
v 7.913892 6.678327 -3.743028
v 7.913893 6.594348 -1.316222
v 7.913892 6.594348 -3.743028
v 7.824633 6.489957 -1.316222
v 7.824632 6.489957 -3.743028
v 7.667314 6.489957 -1.316222
v 7.667315 6.489957 -3.743027
v 7.913891 6.678327 -6.169835
v 7.913890 6.678327 -8.596640
v 7.913891 6.594348 -6.169835
v 7.913890 6.594348 -8.596640
v 7.824630 6.489957 -6.169832
v 7.824631 6.489957 -8.596640
v 7.667312 6.489957 -6.169835
v 7.667311 6.489957 -8.596640
v 7.913889 6.678327 -11.023449
v 7.913889 6.678328 -13.449685
v 7.913889 6.594348 -11.023449
v 7.913889 6.594348 -13.449685
v 7.824628 6.489957 -11.023449
v 7.824629 6.489957 -13.449685
v 7.667310 6.489957 -11.023449
v 7.667310 6.489957 -13.449685
v 4.172270 9.372485 1.115412
v 4.172267 9.372485 -1.311397
v 4.172266 9.372485 -3.738204
v 4.172264 9.372485 -6.165011
v 4.172263 9.372485 -8.591817
v 4.172262 9.372485 -11.018629
v 4.172259 9.372486 -13.449684
v 7.667310 4.043266 -11.795074
v 7.667310 4.043266 -12.719221
v 7.667310 5.839225 -11.795074
v 7.667310 5.839225 -12.719221
v 7.522042 4.043266 -11.795074
v 7.522041 4.043266 -12.719221
v 7.522042 5.839225 -11.795074
v 7.522041 5.839225 -12.719221
v 7.667314 4.043266 -6.941465
v 7.667314 4.043266 -7.865616
v 7.667314 5.839225 -6.941465
v 7.667314 5.839225 -7.865616
v 7.522045 4.043266 -6.941465
v 7.522045 4.043266 -7.865616
v 7.522045 5.839225 -6.941465
v 7.522045 5.839225 -7.865616
v 7.667314 4.043266 -2.087851
v 7.667313 4.043266 -3.012001
v 7.667314 5.839225 -2.087851
v 7.667313 5.839225 -3.012001
v 7.522045 4.043266 -2.087851
v 7.522047 4.043266 -3.012001
v 7.522045 5.839225 -2.087851
v 7.522047 5.839225 -3.012001
v 7.667317 4.043266 2.765754
v 7.667316 4.043266 1.841604
v 7.667317 5.839225 2.765754
v 7.667316 5.839225 1.841604
v 7.522048 4.043266 2.765754
v 7.522050 4.043266 1.841604
v 7.522048 5.839225 2.765754
v 7.522050 5.839225 1.841604
v 7.667310 4.043266 4.309016
v 7.667310 4.043266 5.233164
v 7.667310 5.839225 4.309016
v 7.667310 5.839225 5.233164
v 7.522041 4.043266 4.309016
v 7.522042 4.043266 5.233164
v 7.522041 5.839225 4.309016
v 7.522042 5.839225 5.233164
v 7.667310 4.043266 -0.544590
v 7.667310 4.043266 0.379560
v 7.667310 5.839225 -0.544590
v 7.667310 5.839225 0.379560
v 7.522042 4.043266 -0.544590
v 7.522042 4.043266 0.379560
v 7.522042 5.839225 -0.544590
v 7.522042 5.839225 0.379560
v 7.667306 4.043266 -5.398207
v 7.667307 4.043266 -4.474056
v 7.667306 5.839225 -5.398207
v 7.667307 5.839225 -4.474056
v 7.522038 4.043266 -5.398207
v 7.522038 4.043266 -4.474056
v 7.522038 5.839225 -5.398207
v 7.522038 5.839225 -4.474056
v 7.667307 4.043266 -10.251811
v 7.667307 4.043266 -9.327662
v 7.667307 5.839225 -10.251811
v 7.667307 5.839225 -9.327662
v 7.522038 4.043266 -10.251811
v 7.522039 4.043266 -9.327662
v 7.522038 5.839225 -10.251811
v 7.522039 5.839225 -9.327662
v 7.824636 3.140763 5.964198
v 7.913895 3.245155 5.964198
v 7.913895 3.329134 5.964198
v 7.824634 3.140763 1.110587
v 7.824635 3.140763 3.537392
v 7.667316 3.329134 1.110587
v 7.667315 3.329134 3.537392
v 7.913894 3.245155 1.110587
v 7.913894 3.245155 3.537392
v 7.913894 3.329134 1.110587
v 7.913894 3.329134 3.537392
v 7.824632 3.140763 -3.743028
v 7.824633 3.140763 -1.316222
v 7.667315 3.329134 -3.743027
v 7.667314 3.329134 -1.316220
v 7.913892 3.245155 -3.743028
v 7.913893 3.245155 -1.316222
v 7.913892 3.329134 -3.743028
v 7.913893 3.329134 -1.316220
v 7.824631 3.140763 -8.596640
v 7.824630 3.140763 -6.169832
v 7.667311 3.329134 -8.596640
v 7.667312 3.329134 -6.169835
v 7.913890 3.245155 -8.596640
v 7.913891 3.245155 -6.169835
v 7.913890 3.329134 -8.596640
v 7.913891 3.329134 -6.169835
v 7.824629 3.140763 -13.449685
v 7.824628 3.140763 -11.023449
v 7.667310 3.329134 -13.449685
v 7.667310 3.329134 -11.023449
v 7.913889 3.245155 -13.449685
v 7.913889 3.245155 -11.023449
v 7.913889 3.329134 -13.449685
v 7.913889 3.329134 -11.023449
v 7.486114 -4.121929 -2.529624
v 7.486114 -6.718450 -2.529624
v -11.026707 -3.369257 0.690118
v -13.459086 -3.369257 0.690119
v -11.026707 -0.208433 0.690118
v -13.459086 -0.208433 0.690119
v -11.026707 -0.208433 0.532801
v -13.459086 -0.208433 0.532801
v -11.026707 -0.020063 0.690118
v -13.459086 -0.020063 0.690119
v -11.026707 -0.104041 0.443540
v -13.459086 -0.104041 0.443541
v -11.026707 -0.020063 0.443540
v -13.459086 -0.020063 0.443541
v -11.026707 -6.718451 0.690118
v -13.459086 -6.718452 0.690119
v -11.026707 -3.557627 0.690118
v -13.459086 -3.557628 0.690119
v -11.026707 -3.557627 0.532801
v -13.459086 -3.557628 0.532801
v -11.026707 -3.453235 0.443540
v -13.459086 -3.453236 0.443541
v -11.026707 -3.369257 0.432472
v -11.026707 -5.939374 0.690118
v -13.459086 -5.939375 0.690119
v -12.738077 -5.939374 0.690119
v -12.738077 -4.121931 0.690119
v -11.742145 -4.121931 0.690119
v -11.742145 -5.939374 0.690119
v -11.742145 -6.718451 0.690119
v -12.738077 -6.718451 0.690119
v -12.738077 -5.939374 0.854525
v -12.738077 -4.121931 0.854525
v -11.742145 -4.121931 0.854524
v -11.742145 -5.939374 0.854524
v -12.775895 -0.816922 0.690119
v -11.704327 -0.816922 0.690119
v -12.775895 -2.569628 0.690119
v -11.704327 -2.569628 0.690119
v -12.775895 -2.569628 0.854525
v -11.704327 -2.569628 0.854525
v -12.775895 -0.816922 0.854525
v -11.704327 -0.816922 0.854525
v -9.315338 -5.939374 0.690119
v -9.315338 -4.121931 0.690119
v -10.311268 -4.121931 0.690119
v -10.311268 -5.939374 0.690119
v -10.311268 -6.718451 0.690119
v -9.315338 -6.718451 0.690119
v -9.315338 -5.939374 0.854524
v -9.315338 -4.121931 0.854524
v -10.311268 -4.121931 0.854524
v -10.311268 -5.939374 0.854524
v -9.277520 -0.816922 0.690119
v -10.349086 -0.816922 0.690119
v -9.277520 -2.569628 0.690119
v -10.349086 -2.569628 0.690119
v -9.277520 -0.816922 0.854524
v -10.349088 -0.816922 0.854524
v -9.277520 -2.569628 0.854524
v -10.349088 -2.569628 0.854524
v -6.173092 -3.369257 0.690117
v -8.599899 -3.369257 0.690119
v -6.173092 -0.208433 0.690117
v -8.599899 -0.208433 0.690119
v -6.173092 -0.208433 0.532800
v -8.599899 -0.208433 0.532801
v -6.173092 -0.020063 0.690117
v -8.599901 -0.020063 0.690119
v -6.173092 -0.104041 0.443539
v -8.599899 -0.104041 0.443541
v -6.173092 -0.020063 0.443539
v -8.599901 -0.020063 0.443541
v -6.173092 -6.718451 0.690117
v -8.599899 -6.718451 0.690119
v -6.173092 -3.557627 0.690117
v -8.599899 -3.557627 0.690119
v -6.173092 -3.557627 0.532800
v -8.599899 -3.557627 0.532801
v -6.173092 -3.453235 0.443539
v -8.599899 -3.453235 0.443541
v -6.173092 -3.369257 0.432471
v -8.599901 -3.369257 0.432473
v -6.173092 -5.939374 0.690117
v -8.599899 -5.939374 0.690119
v -8.394798 -5.939374 0.690118
v -8.394798 -4.121931 0.690118
v -6.378193 -4.121931 0.690118
v -6.378193 -5.939374 0.690118
v -6.378193 -6.718451 0.690118
v -8.394798 -6.718451 0.690118
v -7.922280 -0.816922 0.690118
v -6.850713 -0.816922 0.690118
v -7.922280 -2.569628 0.690118
v -6.850713 -2.569628 0.690118
v -7.922279 -2.569628 0.854524
v -6.850712 -2.569628 0.854524
v -7.922279 -0.816922 0.854524
v -6.850712 -0.816922 0.854524
v -4.461724 -5.939374 0.690118
v -4.461724 -4.121931 0.690118
v -5.457656 -4.121931 0.690118
v -5.457656 -5.939374 0.690118
v -5.457654 -6.718451 0.690118
v -4.461724 -6.718451 0.690118
v -4.461724 -5.939374 0.854522
v -4.461724 -4.121931 0.854522
v -5.457656 -4.121931 0.854523
v -5.457656 -5.939374 0.854523
v -4.423907 -0.816922 0.690118
v -5.495474 -0.816922 0.690118
v -4.423907 -2.569628 0.690118
v -5.495474 -2.569628 0.690118
v -4.423906 -0.816922 0.854522
v -5.495473 -0.816922 0.854523
v -4.423906 -2.569628 0.854522
v -5.495473 -2.569628 0.854523
v -1.319478 -3.369257 0.690116
v -3.746284 -3.369257 0.690118
v -1.319478 -0.208433 0.690116
v -3.746284 -0.208433 0.690118
v -1.319478 -0.208433 0.532798
v -3.746284 -0.208433 0.532799
v -1.319478 -0.020063 0.690116
v -3.746284 -0.020063 0.690118
v -1.319478 -0.104041 0.443538
v -3.746284 -0.104041 0.443540
v -1.319478 -0.020063 0.443538
v -3.746284 -0.020063 0.443540
v -1.319478 -6.718451 0.690116
v -3.746284 -6.718451 0.690118
v -1.319478 -3.557627 0.690116
v -3.746284 -3.557627 0.690118
v -1.319478 -3.557627 0.532798
v -3.746284 -3.557627 0.532799
v -1.319478 -3.453235 0.443538
v -3.746284 -3.453235 0.443540
v -1.319478 -3.369257 0.432470
v -3.746284 -3.369257 0.432471
v -1.319478 -5.939374 0.690116
v -3.746284 -5.939374 0.690118
v -3.030849 -5.939374 0.690117
v -3.030849 -4.121931 0.690117
v -2.034918 -4.121931 0.690117
v -2.034918 -5.939374 0.690117
v -2.034918 -6.718451 0.690117
v -3.030849 -6.718451 0.690117
v -3.030849 -5.939374 0.854522
v -3.030849 -4.121931 0.854522
v -2.034918 -4.121931 0.854521
v -2.034918 -5.939374 0.854521
v -3.068666 -0.816922 0.690117
v -1.997097 -0.816922 0.690117
v -3.068666 -2.569628 0.690117
v -1.997097 -2.569628 0.690117
v -3.068666 -2.569628 0.854523
v -1.997101 -2.569628 0.854523
v -3.068666 -0.816922 0.854523
v -1.997101 -0.816922 0.854523
v -5.442062 2.490029 0.835393
v -4.517913 2.490029 0.835392
v -5.442062 0.694070 0.835393
v -4.517913 0.694070 0.835392
v -5.442062 2.490029 0.690124
v -8.394798 -5.939374 0.871319
v -8.394798 -4.121931 0.871319
v -6.378192 -4.121931 0.871319
v -6.378192 -5.939374 0.871319
v -6.378192 -6.718451 0.871319
v -8.394798 -6.718451 0.871319
v -4.517913 2.490029 0.690124
v -5.442062 0.694070 0.690124
v -4.517913 0.694070 0.690124
v -10.295680 2.490029 0.835392
v -9.371531 2.490029 0.835392
v -10.295680 0.694070 0.835392
v -9.371531 0.694070 0.835392
v -10.295680 2.490029 0.690123
v -9.371531 2.490029 0.690124
v -10.295680 0.694070 0.690123
v -9.371531 0.694070 0.690124
v -11.757725 2.490029 0.835386
v -12.681874 2.490029 0.835386
v -11.757725 0.694070 0.835386
v -12.681874 0.694070 0.835386
v -11.757725 2.490029 0.690118
v -12.681874 2.490029 0.690118
v -11.757725 0.694070 0.690118
v -12.681874 0.694070 0.690118
v -6.904118 2.490029 0.835386
v -7.828269 2.490029 0.835387
v -6.904118 0.694070 0.835386
v -7.828269 0.694070 0.835387
v -6.904118 2.490029 0.690118
v -7.828269 2.490029 0.690118
v -6.904118 0.694070 0.690118
v -7.828269 0.694070 0.690118
v -2.050504 2.490029 0.835384
v -2.974654 2.490029 0.835384
v -2.050504 0.694070 0.835384
v -2.974654 0.694070 0.835384
v -2.050504 2.490029 0.690115
v -2.974654 2.490029 0.690115
v -2.050504 0.694070 0.690115
v -2.974654 0.694070 0.690115
v -1.319478 3.140762 0.690116
v -3.746284 3.140762 0.690118
v -6.173092 3.140762 0.690117
v -8.599899 3.140762 0.690119
v -11.026707 3.140762 0.690118
v -13.459086 3.140762 0.690119
v -13.459086 6.678328 0.443541
v -11.026707 6.678327 0.443540
v -13.459086 6.594348 0.443541
v -11.026707 6.594348 0.443540
v -13.459086 6.489958 0.532802
v -11.026708 6.489958 0.532801
v -13.459086 6.489957 0.690119
v -11.026707 6.489957 0.690118
v -8.599901 6.678327 0.443541
v -6.173092 6.678327 0.443539
v -8.599899 6.594348 0.443541
v -6.173092 6.594348 0.443539
v -8.599900 6.489958 0.532801
v -6.173092 6.489958 0.532800
v -8.599899 6.489957 0.690119
v -6.173092 6.489957 0.690117
v -3.746284 6.678327 0.443540
v 0.419581 6.678328 0.443539
v -3.746284 6.594348 0.443540
v -1.319478 6.594348 0.443538
v -3.746284 6.489958 0.532800
v -1.319478 6.489958 0.532799
v -3.746284 6.489957 0.690118
v -1.319478 6.489957 0.690116
v -2.974654 4.043265 0.690115
v -2.050504 4.043265 0.690115
v -2.974654 5.839223 0.690115
v -2.050504 5.839223 0.690115
v -2.974654 4.043265 0.835384
v -2.050504 4.043265 0.835384
v -2.974654 5.839223 0.835384
v -2.050504 5.839223 0.835384
v -7.828269 4.043265 0.690118
v -6.904118 4.043265 0.690118
v -7.828269 5.839223 0.690118
v -6.904118 5.839223 0.690118
v -7.828269 4.043265 0.835387
v -6.904118 4.043265 0.835386
v -7.828269 5.839223 0.835387
v -6.904118 5.839223 0.835386
v -12.681874 4.043265 0.690118
v -11.757725 4.043265 0.690118
v -12.681874 5.839223 0.690118
v -11.757725 5.839223 0.690118
v -12.681874 4.043265 0.835386
v -11.757725 4.043265 0.835386
v -12.681874 5.839223 0.835386
v -11.757725 5.839223 0.835386
v -9.371531 4.043265 0.690124
v -10.295680 4.043265 0.690123
v -9.371531 5.839223 0.690124
v -10.295680 5.839223 0.690123
v -9.371531 4.043265 0.835392
v -10.295680 4.043265 0.835392
v -9.371531 5.839223 0.835392
v -10.295680 5.839223 0.835392
v -4.517913 4.043265 0.690124
v -5.442062 4.043265 0.690124
v -4.517913 5.839223 0.690124
v -5.442062 5.839223 0.690124
v -4.517913 4.043265 0.835392
v -5.442062 4.043265 0.835393
v -4.517913 5.839223 0.835392
v -5.442062 5.839223 0.835393
v -11.026707 3.140761 0.532801
v -13.459086 3.140761 0.532801
v -11.026707 3.329133 0.690118
v -13.459086 3.329133 0.690119
v -11.026707 3.245153 0.443540
v -13.459086 3.245154 0.443541
v -11.026707 3.329133 0.443540
v -13.459086 3.329133 0.443541
v -6.173092 3.140761 0.532800
v -8.599899 3.140761 0.532801
v -6.173092 3.329133 0.690117
v -8.599901 3.329133 0.690119
v -6.173092 3.245153 0.443539
v -8.599899 3.245153 0.443541
v -6.173092 3.329133 0.443539
v -8.599901 3.329133 0.443541
v -1.319478 3.140761 0.532798
v -3.746284 3.140761 0.532799
v -1.319478 3.329133 0.690116
v -3.746284 3.329133 0.690118
v -1.319478 3.245153 0.443538
v -3.746284 3.245153 0.443540
v -1.319478 3.329133 0.443538
v -3.746284 3.329133 0.443540
v -7.386497 -4.121931 0.871319
v -7.386497 -6.718451 0.871319
v 0.677216 -3.369256 -1.316215
v 0.677216 -0.208432 -1.316215
v 0.519898 -0.208432 -1.316215
v 0.677216 -0.020061 -1.316215
v 0.430637 -0.104040 -1.316215
v 0.430637 -0.020061 -1.316215
v 0.677216 -6.718451 -1.316215
v 0.677216 -3.557626 -1.316215
v 0.519898 -3.557626 -1.316215
v 0.430637 -3.453234 -1.316215
v 0.419570 -3.369256 -1.316215
v 0.677216 -5.939373 -1.316215
v 0.677217 -5.939373 -3.027584
v 0.677217 -4.121930 -3.027584
v 0.677216 -4.121930 -2.031654
v 0.677216 -5.939373 -2.031654
v 0.677216 -6.718451 -2.031654
v 0.677217 -6.718451 -3.027584
v 0.841621 -5.939373 -3.027584
v 0.841621 -4.121930 -3.027584
v 0.841622 -4.121930 -2.031654
v 0.841622 -5.939373 -2.031654
v 0.677217 -0.816921 -3.065401
v 0.677216 -0.816921 -1.993836
v 0.677217 -2.569627 -3.065401
v 0.677216 -2.569627 -1.993836
v 0.841621 -0.816921 -3.065401
v 0.841622 -0.816921 -1.993834
v 0.841621 -2.569627 -3.065401
v 0.841622 -2.569627 -1.993834
v 0.677215 -3.369256 -6.169828
v 0.677217 -3.369256 -3.743023
v 0.677215 -0.208432 -6.169828
v 0.677217 -0.208432 -3.743023
v 0.519897 -0.208432 -6.169828
v 0.519898 -0.208432 -3.743023
v 0.677215 -0.020061 -6.169828
v 0.677217 -0.020061 -3.743021
v 0.430637 -0.104040 -6.169828
v 0.430638 -0.104040 -3.743023
v 0.430637 -0.020061 -6.169828
v 0.430638 -0.020061 -3.743021
v 0.677215 -6.718451 -6.169828
v 0.677217 -6.718451 -3.743023
v 0.677215 -3.557626 -6.169828
v 0.677217 -3.557626 -3.743023
v 0.519897 -3.557626 -6.169828
v 0.519898 -3.557626 -3.743023
v 0.430637 -3.453234 -6.169828
v 0.430638 -3.453234 -3.743023
v 0.419569 -3.369256 -6.169828
v 0.419570 -3.369256 -3.743021
v 0.677215 -5.939373 -6.169828
v 0.677217 -5.939373 -3.743023
v 0.677217 -5.939373 -3.948123
v 0.677217 -4.121930 -3.948123
v 0.677216 -4.121930 -5.964728
v 0.677216 -5.939373 -5.964728
v 0.677216 -6.718451 -5.964728
v 0.677217 -6.718451 -3.948123
v 0.677216 -0.816921 -4.420642
v 0.677216 -0.816921 -5.492208
v 0.677216 -2.569627 -4.420642
v 0.677216 -2.569627 -5.492208
v 0.841622 -2.569627 -4.420642
v 0.841621 -2.569627 -5.492208
v 0.841622 -0.816921 -4.420642
v 0.841621 -0.816921 -5.492208
v 0.677215 -5.939373 -7.881196
v 0.677215 -4.121930 -7.881196
v 0.677216 -4.121930 -6.885264
v 0.677216 -5.939373 -6.885264
v 0.677216 -6.718451 -6.885267
v 0.677215 -6.718451 -7.881196
v 0.841620 -5.939373 -7.881196
v 0.841620 -4.121930 -7.881196
v 0.841620 -4.121930 -6.885265
v 0.841620 -5.939373 -6.885265
v 0.677215 -0.816921 -7.919014
v 0.677216 -0.816921 -6.847447
v 0.677215 -2.569627 -7.919014
v 0.677216 -2.569627 -6.847447
v 0.841620 -0.816921 -7.919014
v 0.841620 -0.816921 -6.847448
v 0.841620 -2.569627 -7.919014
v 0.841620 -2.569627 -6.847448
v 0.677213 -3.369256 -11.023443
v 0.677215 -3.369256 -8.596636
v 0.677213 -0.208432 -11.023443
v 0.677215 -0.208432 -8.596636
v 0.519896 -0.208432 -11.023443
v 0.519896 -0.208432 -8.596636
v 0.677213 -0.020061 -11.023443
v 0.677215 -0.020061 -8.596636
v 0.430635 -0.104040 -11.023443
v 0.430637 -0.104040 -8.596636
v 0.430635 -0.020061 -11.023443
v 0.430637 -0.020061 -8.596636
v 0.677213 -6.718451 -11.023443
v 0.677215 -6.718451 -8.596636
v 0.677213 -3.557626 -11.023443
v 0.677215 -3.557626 -8.596636
v 0.519896 -3.557626 -11.023443
v 0.519896 -3.557626 -8.596636
v 0.430635 -3.453234 -11.023443
v 0.430637 -3.453234 -8.596636
v 0.419567 -3.369256 -11.023443
v 0.419569 -3.369256 -8.596636
v 0.677213 -5.939373 -11.023443
v 0.677215 -5.939373 -8.596636
v 0.677215 -5.939373 -9.312073
v 0.677215 -4.121930 -9.312073
v 0.677214 -4.121930 -10.308002
v 0.677214 -5.939373 -10.308002
v 0.677214 -6.718451 -10.308002
v 0.677215 -6.718451 -9.312073
v 0.841620 -5.939373 -9.312073
v 0.841620 -4.121930 -9.312073
v 0.841619 -4.121930 -10.308002
v 0.841619 -5.939373 -10.308002
v 0.677215 -0.816921 -9.274256
v 0.677213 -0.816921 -10.345824
v 0.677215 -2.569627 -9.274256
v 0.677213 -2.569627 -10.345824
v 0.841620 -2.569627 -9.274256
v 0.841621 -2.569627 -10.345820
v 0.841620 -0.816921 -9.274256
v 0.841621 -0.816921 -10.345820
v 0.677214 -5.939373 -12.734813
v 0.677214 -4.121930 -12.734813
v 0.677213 -4.121930 -11.738879
v 0.677213 -5.939373 -11.738879
v 0.677213 -6.718451 -11.738879
v 0.677214 -6.718451 -12.734813
v 0.841619 -5.939373 -12.734813
v 0.841619 -4.121930 -12.734813
v 0.841619 -4.121930 -11.738879
v 0.841619 -5.939373 -11.738879
v 0.677214 -0.816921 -12.772631
v 0.677213 -0.816921 -11.701061
v 0.677214 -2.569627 -12.772631
v 0.677213 -2.569627 -11.701061
v 0.841619 -0.816921 -12.772631
v 0.841619 -0.816921 -11.701061
v 0.841619 -2.569627 -12.772631
v 0.841619 -2.569627 -11.701061
v 0.677213 -3.369256 -13.449685
v 0.677213 -0.208432 -13.449685
v 0.519895 -0.208432 -13.449685
v 0.677213 -0.020062 -13.449685
v 0.430635 -0.104040 -13.449685
v 0.430635 -0.020062 -13.449685
v 0.677213 -6.718451 -13.449685
v 0.677213 -3.557627 -13.449685
v 0.519895 -3.557627 -13.449685
v 0.430635 -3.453235 -13.449685
v 0.419567 -3.369256 -13.449685
v 0.677213 -5.939374 -13.449685
v 0.822486 2.490030 -11.754466
v 0.822487 2.490030 -12.678615
v 0.822486 0.694071 -11.754466
v 0.822487 0.694071 -12.678615
v 0.677219 2.490030 -11.754466
v 0.677219 2.490030 -12.678615
v 0.677219 0.694071 -11.754466
v 0.677219 0.694071 -12.678615
v 0.822490 2.490030 -6.900859
v 0.822490 2.490030 -7.825008
v 0.822490 0.694071 -6.900859
v 0.822490 0.694071 -7.825008
v 0.677221 2.490030 -6.900859
v 0.858416 -5.939373 -3.948123
v 0.858416 -4.121930 -3.948123
v 0.858415 -4.121930 -5.964728
v 0.858415 -5.939373 -5.964728
v 0.858415 -6.718451 -5.964728
v 0.858416 -6.718451 -3.948123
v 0.677221 2.490030 -7.825008
v 0.677221 0.694071 -6.900859
v 0.677221 0.694071 -7.825008
v 0.822489 2.490030 -2.047241
v 0.822489 2.490030 -2.971391
v 0.822489 0.694071 -2.047241
v 0.822489 0.694071 -2.971391
v 0.677221 2.490030 -2.047241
v 0.677221 2.490030 -2.971391
v 0.677221 0.694071 -2.047241
v 0.677221 0.694071 -2.971391
v 0.822484 2.490030 -5.438803
v 0.822484 2.490030 -4.514652
v 0.822484 0.694071 -5.438803
v 0.822484 0.694071 -4.514652
v 0.677216 2.490030 -5.438803
v 0.677216 2.490030 -4.514651
v 0.677216 0.694071 -5.438803
v 0.677216 0.694071 -4.514651
v 0.822481 2.490030 -10.292417
v 0.822481 2.490030 -9.368267
v 0.822481 0.694071 -10.292417
v 0.822481 0.694071 -9.368267
v 0.677213 2.490030 -10.292417
v 0.677212 2.490030 -9.368267
v 0.677213 0.694071 -10.292417
v 0.677212 0.694071 -9.368267
v 0.677213 3.140763 -13.449685
v 0.677213 3.140763 -11.023443
v 0.677215 3.140763 -8.596636
v 0.677215 3.140763 -6.169828
v 0.677217 3.140763 -3.743023
v 0.677216 3.140763 -1.316215
v 0.430637 6.594349 -1.316215
v 0.519898 6.489958 -1.316215
v 0.677216 6.489958 -1.316215
v 0.430638 6.678328 -3.743021
v 0.430637 6.678328 -6.169828
v 0.430638 6.594349 -3.743023
v 0.430637 6.594349 -6.169828
v 0.519898 6.489958 -3.743023
v 0.519898 6.489958 -6.169828
v 0.677217 6.489958 -3.743023
v 0.677215 6.489958 -6.169828
v 0.430637 6.678328 -8.596636
v 0.430635 6.678328 -11.023443
v 0.430637 6.594349 -8.596636
v 0.430635 6.594349 -11.023443
v 0.519897 6.489958 -8.596637
v 0.519896 6.489958 -11.023444
v 0.677215 6.489958 -8.596636
v 0.677213 6.489958 -11.023443
v 0.430635 6.678329 -13.449685
v 0.430635 6.594349 -13.449685
v 0.519896 6.489958 -13.449685
v 0.677213 6.489958 -13.449685
v 0.677212 4.043266 -9.368267
v 0.677213 4.043266 -10.292417
v 0.677212 5.839224 -9.368267
v 0.677213 5.839224 -10.292417
v 0.822481 4.043266 -9.368267
v 0.822481 4.043266 -10.292417
v 0.822481 5.839224 -9.368267
v 0.822481 5.839224 -10.292417
v 0.677216 4.043266 -4.514651
v 0.677216 4.043266 -5.438803
v 0.677216 5.839224 -4.514651
v 0.677216 5.839224 -5.438803
v 0.822484 4.043266 -4.514652
v 0.822484 4.043266 -5.438803
v 0.822484 5.839224 -4.514652
v 0.822484 5.839224 -5.438803
v 0.677221 4.043266 -2.971391
v 0.677221 4.043266 -2.047241
v 0.677221 5.839224 -2.971391
v 0.677221 5.839224 -2.047241
v 0.822489 4.043266 -2.971391
v 0.822489 4.043266 -2.047241
v 0.822489 5.839224 -2.971391
v 0.822489 5.839224 -2.047241
v 0.677221 4.043266 -7.825008
v 0.677221 4.043266 -6.900859
v 0.677221 5.839224 -7.825008
v 0.677221 5.839224 -6.900859
v 0.822490 4.043266 -7.825008
v 0.822490 4.043266 -6.900859
v 0.822490 5.839224 -7.825008
v 0.822490 5.839224 -6.900859
v 0.677219 4.043266 -12.678615
v 0.677219 4.043266 -11.754466
v 0.677219 5.839224 -12.678615
v 0.677219 5.839224 -11.754466
v 0.822487 4.043266 -12.678615
v 0.822486 4.043266 -11.754466
v 0.822487 5.839224 -12.678615
v 0.822486 5.839224 -11.754466
v 0.519898 3.140762 -1.316215
v 0.677216 3.329134 -1.316215
v 0.430637 3.245155 -1.316215
v 0.430637 3.329134 -1.316215
v 0.519897 3.140762 -6.169828
v 0.519898 3.140762 -3.743023
v 0.677215 3.329134 -6.169828
v 0.677217 3.329134 -3.743021
v 0.430637 3.245155 -6.169828
v 0.430638 3.245155 -3.743023
v 0.430637 3.329134 -6.169828
v 0.430638 3.329134 -3.743021
v 0.519896 3.140762 -11.023443
v 0.519896 3.140762 -8.596636
v 0.677213 3.329134 -11.023443
v 0.677215 3.329134 -8.596636
v 0.430635 3.245155 -11.023443
v 0.430637 3.245155 -8.596636
v 0.430635 3.329134 -11.023443
v 0.430637 3.329134 -8.596636
v 0.519895 3.140762 -13.449685
v 0.677213 3.329134 -13.449685
v 0.430635 3.245155 -13.449685
v 0.430635 3.329134 -13.449685
v 0.858416 -4.121930 -4.956425
v 0.858416 -6.718451 -4.956425
v 0.677224 -5.939373 -0.320285
v 0.677224 -6.718451 -0.320285
v 0.677216 -6.718451 0.690115
v 0.677216 -5.939374 0.690115
v -0.323554 -5.939374 0.690116
v -0.323554 -6.718451 0.690116
v 0.677217 -3.369256 0.690115
v 0.677217 -0.208432 0.690115
v 0.598563 -0.208433 0.611456
v 0.677217 -0.020061 0.690115
v 0.430653 -0.104041 0.443538
v 0.430653 -0.020062 0.443538
v 0.677217 -3.557626 0.690115
v 0.598563 -3.557627 0.611456
v 0.419640 -3.453235 0.449056
v 0.419640 -3.369256 0.443522
v 0.677217 3.140763 0.690115
v 0.419565 6.594349 0.443538
v 0.519898 6.489958 0.532799
v 0.677217 6.489958 0.690115
v 0.598563 3.140761 0.611456
v 0.677217 3.329134 0.690115
v 0.430653 3.245154 0.443538
v 0.430653 3.329133 0.443538
v 0.686853 -3.557626 0.690117
v 0.686853 -5.939373 0.690117
v 0.430638 6.678328 -1.316213
v -1.319481 6.678328 0.443539
v -13.459086 -6.718452 0.708172
v -13.459086 6.678326 0.690119
v -13.459086 -3.369257 0.443541
v 0.677219 6.678328 -13.449687
v 4.172270 6.489957 -13.449688
v 4.172270 9.152058 -13.449688
v 7.649264 -6.718452 -13.449688
v 7.667318 6.678326 -13.449688
v 7.913895 -3.369258 -13.449688
v 7.667311 -6.718450 -11.023449
vn -0.0000 0.8115 0.5843
vn 0.5843 0.8115 -0.0000
vn 0.4016 0.8230 0.4016
vn -0.0000 -1.0000 -0.0000
vn -0.0000 -0.6499 0.7600
vn -0.0000 -0.0000 1.0000
vn -0.0000 1.0000 -0.0000
vn 1.0000 -0.0000 -0.0000
vn -0.0000 -0.1307 0.9914
vn -1.0000 -0.0000 -0.0000
vn 0.7071 -0.0000 0.7071
vn 0.6051 -0.5174 0.6051
vn -0.7071 -0.0000 0.7071
vn 0.7071 -0.0000 -0.7071
vn 0.7041 -0.0928 0.7041
vn 0.7600 -0.6499 -0.0000
vn 0.9914 -0.1307 -0.0000
vn -0.0000 -0.0000 -1.0000
vn -0.0000 -0.6499 -0.7600
vn -0.0023 -0.0658 -0.9978
vn -0.0000 -0.1307 -0.9914
vn -0.0000 0.8115 -0.5843
vn -0.7600 -0.6499 -0.0000
vn -0.9914 -0.1307 -0.0000
vn -0.5843 0.8115 -0.0000
vn -0.5843 0.8115 -0.0010
vn -0.5832 0.8123 -0.0000
vn -0.6356 -0.7719 0.0136
vn -0.7398 -0.6728 -0.0023
vn -0.6185 -0.7857 0.0113
vn -0.9978 -0.0659 -0.0031
vn 0.0136 -0.7719 -0.6356
vn 0.0148 -0.7643 -0.6447
vn 0.0047 -0.0984 -0.9951
vn -1.0000 0.0001 -0.0063
vt 0.301231 0.647051
vt 0.550207 0.647051
vt 0.550207 0.995247
vt 0.353687 0.995247
vt 0.471506 0.639280
vt 0.553089 0.995218
vt 0.350805 0.995218
vt 0.438229 0.647911
vt 0.353687 0.647051
vt 0.602663 0.647051
vt 0.223585 0.259319
vt 0.223585 0.316881
vt 0.459598 0.316881
vt 0.459598 0.259319
vt 0.223585 0.349541
vt 0.459598 0.349541
vt 0.459598 0.340441
vt 0.223585 0.340441
vt 0.223585 0.348647
vt 0.459598 0.348647
vt 0.594535 0.538416
vt 0.761992 0.538416
vt 0.761992 0.549003
vt 0.594535 0.549003
vt 0.394490 0.270789
vt 0.394490 0.099541
vt 0.394490 0.099541
vt 0.394490 0.270789
vt 0.899860 0.801300
vt 0.991755 0.801300
vt 0.991755 0.643633
vt 0.899860 0.643633
vt 0.293487 0.097533
vt 0.293487 0.275106
vt 0.390795 0.275106
vt 0.223585 0.330242
vt 0.459598 0.330242
vt 0.390795 0.097533
vt 0.459598 0.097533
vt 0.223585 0.097533
vt 0.985995 0.643361
vt 0.904888 0.643361
vt 0.904888 0.801347
vt 0.985995 0.801347
vt 0.904500 0.801347
vt 0.985607 0.801347
vt 0.985608 0.643361
vt 0.904500 0.643361
vt 0.993838 0.980168
vt 0.993838 0.815012
vt 0.903335 0.815012
vt 0.903335 0.980168
vt 0.390795 0.275106
vt 0.390795 0.097533
vt 0.995686 0.801300
vt 0.895928 0.801300
vt 0.289792 0.270789
vt 0.289792 0.099541
vt 0.459598 0.021413
vt 0.223585 0.021413
vt 0.289792 0.099541
vt 0.289792 0.270789
vt 0.964333 0.801356
vt 0.964333 0.643310
vt 0.931925 0.643310
vt 0.931925 0.801356
vt 0.209654 0.079231
vt 0.257126 0.079231
vt 0.257126 0.052698
vt 0.233390 0.052698
vt 0.209654 0.052698
vt 0.440658 0.275106
vt 0.243625 0.275106
vt 0.440658 0.097533
vt 0.243625 0.097533
vt 0.962744 0.801347
vt 0.962744 0.643361
vt 0.927752 0.643361
vt 0.927752 0.801347
vt 0.274449 0.746888
vt 0.274449 0.964603
vt 0.024511 0.964603
vt 0.024511 0.733913
vt 0.274449 0.977578
vt 0.274449 0.800550
vt 0.024511 0.746888
vt 0.744629 0.652431
vt 0.744629 0.949137
vt 0.866474 0.949137
vt 0.866474 0.741457
vt 0.745107 0.652485
vt 0.865969 0.652485
vt 0.865969 0.741510
vt 0.459528 0.097631
vt 0.459528 0.275280
vt 0.440779 0.275280
vt 0.440779 0.097631
vt 0.223613 0.275280
vt 0.223613 0.097631
vt 0.243598 0.097631
vt 0.243598 0.275280
vt 0.371643 0.328962
vt 0.412083 0.341592
vt 0.417098 0.351751
vt 0.300369 0.351751
vt 0.300369 0.328962
vt 0.300369 0.328953
vt 0.371643 0.328953
vt 0.412083 0.341582
vt 0.412083 0.351742
vt 0.300369 0.351742
vt 0.161680 0.267910
vt 0.161680 0.267910
vt 0.072218 0.267910
vt 0.072218 0.099667
vt 0.161680 0.099667
vt 0.161680 0.099667
vt 0.001451 0.032767
vt 0.001451 0.328870
vt 0.236375 0.328870
vt 0.236375 0.032767
vt 0.459598 0.330906
vt 0.223585 0.330906
vt 0.223585 0.339111
vt 0.459598 0.339111
vt 0.439941 0.636193
vt 0.019178 0.636370
vt 0.020403 0.629986
vt 0.413199 0.631063
vt 0.024511 0.917277
vt 0.024511 0.733914
vt 0.348933 0.647051
vt 0.554961 0.647051
vt 0.554961 0.995247
vt 0.348933 0.995247
vt 0.412083 0.351745
vt 0.300369 0.351745
vt 0.300369 0.328956
vt 0.371643 0.328956
vt 0.412083 0.341586
vt 0.072218 0.262051
vt 0.072218 0.093807
vt 0.161680 0.093807
vt 0.001451 0.026908
vt 0.236375 0.026908
vt 0.161680 0.262051
vt 0.236375 0.323011
vt 0.001451 0.323011
vt 0.161680 0.093807
vt 0.161680 0.262051
vt 0.866474 0.652431
vt 0.865969 0.949191
vt 0.745107 0.949191
vt 0.459598 0.316881
vt 0.223585 0.316881
vt 0.459598 0.316881
vt 0.459598 0.316881
vt 0.223585 0.316881
vt 0.468954 0.995247
vt 0.223585 0.316881
vt 0.459598 0.316881
vt 0.223585 0.316881
vt 0.459598 0.316881
vt 0.435455 0.994854
vt 0.223585 0.316787
vt 0.223585 0.316881
vt 0.223620 0.330596
vt 0.223620 0.097141
vt 0.223620 0.097141
vt 0.223620 0.330598
vt 0.223620 0.097143
vt 0.223620 0.097143
vt 0.223620 0.097143
vt 0.223620 0.330598
vt 0.402359 0.628984
vt 0.301071 0.351529
vt 0.301071 0.341391
vt 0.341423 0.328789
vt 0.412543 0.351529
vt 0.412543 0.328789
s 0
usemtl Material.001
f 1/1/1 372/2/1 340/3/1 339/4/1
f 1/5/1 339/6/1 335/7/1
f 1/8/2 851/6/2 854/7/2
f 886/9/2 1/10/2 854/3/2 855/4/2
f 335/7/3 851/6/3 1/5/3
f 3/11/4 4/12/4 37/13/4 35/14/4
f 37/13/5 4/12/5 6/15/5 41/16/5
f 41/17/6 6/18/6 7/19/6 43/20/6
f 5/21/7 39/22/7 43/23/7 7/24/7
f 24/25/8 26/26/8 30/27/8 28/28/8
f 9/11/4 10/12/4 49/13/4 47/14/4
f 49/13/5 10/12/5 11/15/5 51/16/5
f 51/17/9 11/18/9 12/19/9 53/20/9
f 2/21/7 33/22/7 53/23/7 12/24/7
f 17/29/6 14/30/6 19/31/6 18/32/6
f 17/33/10 16/34/10 22/34/10 23/33/10
f 15/35/6 16/34/6 9/36/6 47/37/6
f 14/38/6 15/35/6 47/37/6 55/39/6
f 16/34/6 17/33/6 13/40/6 9/36/6
f 45/41/6 19/42/6 14/43/6 55/44/6
f 13/45/6 17/46/6 18/47/6 8/48/6
f 21/49/6 20/50/6 23/51/6 22/52/6
f 16/34/4 15/35/4 21/53/4 22/34/4
f 15/35/8 14/38/8 20/54/8 21/53/8
f 14/55/7 17/56/7 23/56/7 20/55/7
f 24/25/6 25/57/6 3/36/6 35/37/6
f 27/58/6 26/26/6 33/59/6 2/60/6
f 25/57/6 27/58/6 2/60/6 3/36/6
f 26/26/6 24/25/6 35/37/6 33/59/6
f 28/28/6 30/27/6 31/61/6 29/62/6
f 25/57/4 24/25/4 28/28/4 29/62/4
f 27/58/10 25/57/10 29/62/10 31/61/10
f 26/26/7 27/58/7 31/61/7 30/27/7
f 34/11/4 35/14/4 37/13/4 36/12/4
f 37/13/5 41/16/5 40/15/5 36/12/5
f 41/17/6 43/20/6 42/19/6 40/18/6
f 38/21/7 42/24/7 43/23/7 39/22/7
f 46/11/4 47/14/4 49/13/4 48/12/4
f 49/13/5 51/16/5 50/15/5 48/12/5
f 51/17/9 53/20/9 52/19/9 50/18/9
f 32/21/7 52/24/7 53/23/7 33/22/7
f 59/29/6 60/32/6 61/31/6 56/30/6
f 59/33/8 65/33/8 64/34/8 58/34/8
f 57/35/6 47/37/6 46/36/6 58/34/6
f 56/38/6 55/39/6 47/37/6 57/35/6
f 58/34/6 46/36/6 54/40/6 59/33/6
f 45/41/6 55/44/6 56/43/6 61/42/6
f 54/45/6 44/48/6 60/47/6 59/46/6
f 63/49/6 64/52/6 65/51/6 62/50/6
f 58/34/4 64/34/4 63/53/4 57/35/4
f 57/35/10 63/53/10 62/54/10 56/38/10
f 56/55/7 62/55/7 65/56/7 59/56/7
f 66/25/6 35/37/6 34/36/6 67/57/6
f 69/58/6 32/60/6 33/59/6 68/26/6
f 67/57/6 34/36/6 32/60/6 69/58/6
f 68/26/6 33/59/6 35/37/6 66/25/6
f 69/26/7 68/58/7 70/61/7 71/27/7
f 68/58/10 66/57/10 72/62/10 70/61/10
f 66/57/4 67/25/4 73/28/4 72/62/4
f 73/28/6 71/27/6 70/61/6 72/62/6
f 67/25/8 69/26/8 71/27/8 73/28/8
f 34/11/4 36/12/4 97/13/4 95/14/4
f 97/13/5 36/12/5 40/15/5 101/16/5
f 101/17/6 40/18/6 42/19/6 103/20/6
f 38/21/7 99/22/7 103/23/7 42/24/7
f 84/25/8 86/26/8 90/27/8 88/28/8
f 46/11/4 48/12/4 109/13/4 107/14/4
f 109/13/5 48/12/5 50/15/5 111/16/5
f 111/17/9 50/18/9 52/19/9 113/20/9
f 32/21/7 93/22/7 113/23/7 52/24/7
f 77/29/6 74/30/6 79/31/6 78/32/6
f 77/33/10 76/34/10 82/34/10 83/33/10
f 75/35/6 76/34/6 46/36/6 107/37/6
f 74/38/6 75/35/6 107/37/6 115/39/6
f 76/34/6 77/33/6 54/40/6 46/36/6
f 105/41/6 79/42/6 74/43/6 115/44/6
f 54/45/6 77/46/6 78/47/6 44/48/6
f 81/49/6 80/50/6 83/51/6 82/52/6
f 76/34/4 75/35/4 81/53/4 82/34/4
f 75/35/8 74/38/8 80/54/8 81/53/8
f 74/55/7 77/56/7 83/56/7 80/55/7
f 84/25/6 85/57/6 34/36/6 95/37/6
f 87/58/6 86/26/6 93/59/6 32/60/6
f 85/57/6 87/58/6 32/60/6 34/36/6
f 86/26/6 84/25/6 95/37/6 93/59/6
f 88/28/6 90/27/6 91/61/6 89/62/6
f 85/57/4 84/25/4 88/28/4 89/62/4
f 87/58/10 85/57/10 89/62/10 91/61/10
f 86/26/7 87/58/7 91/61/7 90/27/7
f 94/11/4 95/14/4 97/13/4 96/12/4
f 97/13/5 101/16/5 100/15/5 96/12/5
f 101/17/6 103/20/6 102/19/6 100/18/6
f 98/21/7 102/24/7 103/23/7 99/22/7
f 106/11/4 107/14/4 109/13/4 108/12/4
f 109/13/5 111/16/5 110/15/5 108/12/5
f 111/17/9 113/20/9 112/19/9 110/18/9
f 92/21/7 112/24/7 113/23/7 93/22/7
f 119/63/8 120/64/8 269/65/8 268/66/8
f 117/67/4 118/68/4 267/69/4 481/70/4 266/71/4
f 117/72/6 107/37/6 106/36/6 118/73/6
f 116/74/6 115/39/6 107/37/6 117/72/6
f 118/73/6 106/36/6 114/40/6 119/75/6
f 105/41/6 115/44/6 116/76/6 121/77/6
f 114/45/6 104/48/6 120/78/6 119/79/6
f 122/25/6 95/37/6 94/36/6 123/57/6
f 125/58/6 92/60/6 93/59/6 124/26/6
f 123/57/6 94/36/6 92/60/6 125/58/6
f 124/26/6 93/59/6 95/37/6 122/25/6
f 125/26/7 124/58/7 126/61/7 127/27/7
f 124/58/10 122/57/10 128/62/10 126/61/10
f 122/57/4 123/25/4 129/28/4 128/62/4
f 129/28/6 127/27/6 126/61/6 128/62/6
f 123/25/8 125/26/8 127/27/8 129/28/8
f 94/11/4 96/12/4 153/13/4 151/14/4
f 153/13/5 96/12/5 100/15/5 157/16/5
f 157/17/6 100/18/6 102/19/6 159/20/6
f 98/21/7 155/22/7 159/23/7 102/24/7
f 140/25/8 142/26/8 146/27/8 144/28/8
f 106/11/4 108/12/4 165/13/4 163/14/4
f 165/13/5 108/12/5 110/15/5 167/16/5
f 167/17/9 110/18/9 112/19/9 169/20/9
f 92/21/7 149/22/7 169/23/7 112/24/7
f 133/29/6 130/30/6 135/31/6 134/32/6
f 133/33/10 132/34/10 138/34/10 139/33/10
f 131/35/6 132/34/6 106/36/6 163/37/6
f 130/38/6 131/35/6 163/37/6 171/39/6
f 132/34/6 133/33/6 114/40/6 106/36/6
f 161/41/6 135/42/6 130/43/6 171/44/6
f 114/45/6 133/46/6 134/47/6 104/48/6
f 137/49/6 136/50/6 139/51/6 138/52/6
f 132/34/4 131/35/4 137/53/4 138/34/4
f 131/35/8 130/38/8 136/54/8 137/53/8
f 130/55/7 133/56/7 139/56/7 136/55/7
f 140/25/6 141/57/6 94/36/6 151/37/6
f 143/58/6 142/26/6 149/59/6 92/60/6
f 141/57/6 143/58/6 92/60/6 94/36/6
f 142/26/6 140/25/6 151/37/6 149/59/6
f 144/28/6 146/27/6 147/61/6 145/62/6
f 141/57/4 140/25/4 144/28/4 145/62/4
f 143/58/10 141/57/10 145/62/10 147/61/10
f 142/26/7 143/58/7 147/61/7 146/27/7
f 150/11/4 151/14/4 153/13/4 152/12/4
f 153/13/5 157/16/5 156/15/5 152/12/5
f 157/17/6 159/20/6 158/19/6 156/18/6
f 154/21/7 158/24/7 159/23/7 155/22/7
f 162/11/4 163/14/4 165/13/4 164/12/4
f 165/13/5 167/16/5 166/15/5 164/12/5
f 167/17/9 169/20/9 168/19/9 166/18/9
f 148/21/7 168/24/7 169/23/7 149/22/7
f 175/29/6 176/32/6 177/31/6 172/30/6
f 175/33/8 181/33/8 180/34/8 174/34/8
f 173/35/6 163/37/6 162/36/6 174/34/6
f 172/38/6 171/39/6 163/37/6 173/35/6
f 174/34/6 162/36/6 170/40/6 175/33/6
f 161/41/6 171/44/6 172/43/6 177/42/6
f 170/45/6 160/48/6 176/47/6 175/46/6
f 179/49/6 180/52/6 181/51/6 178/50/6
f 174/34/4 180/34/4 179/53/4 173/35/4
f 173/35/10 179/53/10 178/54/10 172/38/10
f 172/55/7 178/55/7 181/56/7 175/56/7
f 182/25/6 151/37/6 150/36/6 183/57/6
f 185/58/6 148/60/6 149/59/6 184/26/6
f 183/57/6 150/36/6 148/60/6 185/58/6
f 184/26/6 149/59/6 151/37/6 182/25/6
f 185/26/7 184/58/7 186/61/7 187/27/7
f 184/58/10 182/57/10 188/62/10 186/61/10
f 182/57/4 183/25/4 189/28/4 188/62/4
f 189/28/6 187/27/6 186/61/6 188/62/6
f 183/25/8 185/26/8 187/27/8 189/28/8
f 150/11/4 152/12/4 213/13/4 211/14/4
f 213/13/5 152/12/5 156/15/5 217/16/5
f 217/17/6 156/18/6 158/19/6 219/20/6
f 154/21/7 215/22/7 219/23/7 158/24/7
f 200/25/8 202/26/8 206/27/8 204/28/8
f 162/11/4 164/12/4 225/13/4 223/14/4
f 225/13/5 164/12/5 166/15/5 227/16/5
f 227/17/9 166/18/9 168/19/9 229/20/9
f 148/21/7 209/22/7 229/23/7 168/24/7
f 193/29/6 190/30/6 195/31/6 194/32/6
f 193/33/10 192/34/10 198/34/10 199/33/10
f 191/35/6 192/34/6 162/36/6 223/37/6
f 190/38/6 191/35/6 223/37/6 231/39/6
f 192/34/6 193/33/6 170/40/6 162/36/6
f 221/41/6 195/42/6 190/43/6 231/44/6
f 170/45/6 193/46/6 194/47/6 160/48/6
f 197/49/6 196/50/6 199/51/6 198/52/6
f 192/34/4 191/35/4 197/53/4 198/34/4
f 191/35/8 190/38/8 196/54/8 197/53/8
f 190/55/7 193/56/7 199/56/7 196/55/7
f 200/25/6 201/57/6 150/36/6 211/37/6
f 203/58/6 202/26/6 209/59/6 148/60/6
f 201/57/6 203/58/6 148/60/6 150/36/6
f 202/26/6 200/25/6 211/37/6 209/59/6
f 204/28/6 206/27/6 207/61/6 205/62/6
f 201/57/4 200/25/4 204/28/4 205/62/4
f 203/58/10 201/57/10 205/62/10 207/61/10
f 202/26/7 203/58/7 207/61/7 206/27/7
f 210/11/4 211/14/4 213/13/4 212/12/4
f 213/13/5 217/16/5 216/15/5 212/12/5
f 217/17/6 219/20/6 218/19/6 216/18/6
f 214/21/7 218/24/7 219/23/7 215/22/7
f 222/11/4 223/14/4 225/13/4 224/12/4
f 225/13/5 227/16/5 226/15/5 224/12/5
f 227/17/9 229/20/9 228/19/9 226/18/9
f 208/21/7 228/24/7 229/23/7 209/22/7
f 235/29/6 236/32/6 237/31/6 232/30/6
f 235/33/8 241/33/8 240/34/8 234/34/8
f 233/35/6 223/37/6 222/36/6 234/34/6
f 232/38/6 231/39/6 223/37/6 233/35/6
f 234/34/6 222/36/6 230/40/6 235/33/6
f 221/41/6 231/44/6 232/43/6 237/42/6
f 230/45/6 220/48/6 236/47/6 235/46/6
f 239/49/6 240/52/6 241/51/6 238/50/6
f 234/34/4 240/34/4 239/53/4 233/35/4
f 233/35/10 239/53/10 238/54/10 232/38/10
f 232/55/7 238/55/7 241/56/7 235/56/7
f 242/25/6 211/37/6 210/36/6 243/57/6
f 245/58/6 208/60/6 209/59/6 244/26/6
f 243/57/6 210/36/6 208/60/6 245/58/6
f 244/26/6 209/59/6 211/37/6 242/25/6
f 245/26/7 244/58/7 246/61/7 247/27/7
f 244/58/10 242/57/10 248/62/10 246/61/10
f 242/57/4 243/25/4 249/28/4 248/62/4
f 249/28/6 247/27/6 246/61/6 248/62/6
f 243/25/8 245/26/8 247/27/8 249/28/8
f 208/80/10 210/81/10 283/82/10 285/83/10
f 214/84/10 283/82/10 210/81/10
f 220/80/10 230/85/10 222/81/10 285/82/10 284/86/10
f 208/84/10 285/82/10 222/81/10
f 3/11/4 517/14/4 526/13/4 4/12/4
f 482/87/6 481/88/6 267/89/6 268/90/6
f 482/91/6 270/92/6 265/93/6
f 116/94/10 117/95/10 266/96/10 265/97/10
f 121/64/10 116/63/10 265/66/10 270/65/10
f 118/98/8 119/99/8 268/100/8 267/101/8
f 224/102/10 226/103/10 228/104/10 208/105/10 222/106/10
f 210/107/10 212/108/10 216/109/10 218/110/10 214/111/10
f 255/112/4 251/113/4 250/114/4 254/114/4
f 256/115/7 252/115/7 253/116/7 257/117/7
f 257/117/8 253/116/8 251/113/8 255/112/8
f 250/114/6 251/113/6 253/116/6 252/115/6
f 256/115/6 154/118/6 328/119/6 254/114/6
f 255/112/6 327/120/6 215/121/6 257/117/6
f 254/114/6 328/119/6 327/120/6 255/112/6
f 257/117/6 215/121/6 154/118/6 256/115/6
f 254/114/10 250/114/10 252/115/10 256/115/10
f 271/112/4 259/113/4 258/114/4 264/114/4
f 272/115/7 260/115/7 263/116/7 273/117/7
f 273/117/8 263/116/8 259/113/8 271/112/8
f 258/114/6 259/113/6 263/116/6 260/115/6
f 272/115/6 98/118/6 330/119/6 264/114/6
f 271/112/6 329/120/6 155/121/6 273/117/6
f 264/114/6 330/119/6 329/120/6 271/112/6
f 273/117/6 155/121/6 98/118/6 272/115/6
f 264/114/10 258/114/10 260/115/10 272/115/10
f 279/112/4 275/113/4 274/114/4 278/114/4
f 280/115/7 276/115/7 277/116/7 281/117/7
f 281/117/8 277/116/8 275/113/8 279/112/8
f 274/114/6 275/113/6 277/116/6 276/115/6
f 280/115/6 38/118/6 332/119/6 278/114/6
f 279/112/6 331/120/6 99/121/6 281/117/6
f 278/114/6 332/119/6 331/120/6 279/112/6
f 281/117/6 99/121/6 38/118/6 280/115/6
f 278/114/10 274/114/10 276/115/10 280/115/10
f 290/112/4 286/113/4 282/114/4 289/114/4
f 291/115/7 287/115/7 288/116/7 292/117/7
f 292/117/8 288/116/8 286/113/8 290/112/8
f 282/114/6 286/113/6 288/116/6 287/115/6
f 291/115/6 5/118/6 334/119/6 289/114/6
f 290/112/6 333/120/6 39/121/6 292/117/6
f 289/114/6 334/119/6 333/120/6 290/112/6
f 292/117/6 39/121/6 5/118/6 291/115/6
f 289/114/10 282/114/10 287/115/10 291/115/10
f 214/80/10 326/81/10 325/82/10 283/83/10
f 298/112/4 297/114/4 293/114/4 294/113/4
f 299/115/7 300/117/7 296/116/7 295/115/7
f 300/117/10 298/112/10 294/113/10 296/116/10
f 293/114/6 295/115/6 296/116/6 294/113/6
f 299/115/6 297/114/6 332/119/6 38/118/6
f 298/112/6 300/117/6 39/121/6 333/120/6
f 297/114/6 298/112/6 333/120/6 332/119/6
f 300/117/6 299/115/6 38/118/6 39/121/6
f 297/114/8 299/115/8 295/115/8 293/114/8
f 306/112/4 305/114/4 301/114/4 302/113/4
f 307/115/7 308/117/7 304/116/7 303/115/7
f 308/117/10 306/112/10 302/113/10 304/116/10
f 301/114/6 303/115/6 304/116/6 302/113/6
f 307/115/6 305/114/6 330/119/6 98/118/6
f 306/112/6 308/117/6 99/121/6 331/120/6
f 305/114/6 306/112/6 331/120/6 330/119/6
f 308/117/6 307/115/6 98/118/6 99/121/6
f 305/114/8 307/115/8 303/115/8 301/114/8
f 314/112/4 313/114/4 309/114/4 310/113/4
f 315/115/7 316/117/7 312/116/7 311/115/7
f 316/117/10 314/112/10 310/113/10 312/116/10
f 309/114/6 311/115/6 312/116/6 310/113/6
f 315/115/6 313/114/6 328/119/6 154/118/6
f 314/112/6 316/117/6 155/121/6 329/120/6
f 313/114/6 314/112/6 329/120/6 328/119/6
f 316/117/6 315/115/6 154/118/6 155/121/6
f 313/114/8 315/115/8 311/115/8 309/114/8
f 322/112/4 321/114/4 317/114/4 318/113/4
f 323/115/7 324/117/7 320/116/7 319/115/7
f 324/117/10 322/112/10 318/113/10 320/116/10
f 317/114/6 319/115/6 320/116/6 318/113/6
f 323/115/6 321/114/6 326/119/6 214/118/6
f 322/112/6 324/117/6 215/121/6 327/120/6
f 321/114/6 322/112/6 327/120/6 326/119/6
f 324/117/6 323/115/6 214/118/6 215/121/6
f 321/114/8 323/115/8 319/115/8 317/114/8
f 341/122/6 336/123/6 335/124/6 339/125/6
f 343/13/5 337/12/5 336/15/5 341/16/5
f 338/11/4 337/12/4 343/13/4 345/14/4
f 341/122/6 339/125/6 340/124/6 342/123/6
f 343/13/5 341/16/5 342/15/5 344/12/5
f 346/11/4 345/14/4 343/13/4 344/12/4
f 349/122/6 342/123/6 340/124/6 347/125/6
f 351/13/5 344/12/5 342/15/5 349/16/5
f 346/11/4 344/12/4 351/13/4 353/14/4
f 349/122/6 347/125/6 348/124/6 350/123/6
f 351/13/5 349/16/5 350/15/5 352/12/5
f 354/11/4 353/14/4 351/13/4 352/12/4
f 357/122/6 350/123/6 348/124/6 355/125/6
f 359/13/5 352/12/5 350/15/5 357/16/5
f 354/11/4 352/12/4 359/13/4 361/14/4
f 357/122/6 355/125/6 356/124/6 358/123/6
f 359/13/5 357/16/5 358/15/5 360/12/5
f 362/11/4 361/14/4 359/13/4 360/12/4
f 365/122/6 358/123/6 356/124/6 363/125/6
f 368/13/5 360/12/5 358/15/5 365/16/5
f 362/11/4 360/12/4 368/13/4 370/14/4
f 364/126/10 378/127/10 380/128/10 367/129/10
f 365/122/6 363/125/6 364/124/6 366/123/6
f 368/13/5 365/16/5 366/15/5 369/12/5
f 371/11/4 370/14/4 368/13/4 369/12/4
f 367/84/10 379/82/10 371/81/10
f 367/80/10 380/130/10 379/131/10
f 377/132/1 378/133/1 364/134/1 363/135/1
f 376/132/1 377/133/1 363/134/1 356/135/1
f 375/132/1 376/133/1 356/134/1 355/135/1
f 374/132/1 375/133/1 355/134/1 348/135/1
f 373/132/1 374/133/1 348/134/1 347/135/1
f 372/132/1 373/133/1 347/134/1 340/135/1
f 364/136/10 367/137/10 371/138/10 369/139/10 366/140/10
f 384/141/8 382/142/8 386/142/8 388/141/8
f 381/143/6 382/142/6 475/144/6 476/145/6
f 384/141/6 383/146/6 370/147/6 371/148/6
f 383/146/6 381/143/6 476/145/6 370/147/6
f 382/142/6 384/141/6 371/148/6 475/144/6
f 388/141/6 386/142/6 385/149/6 387/150/6
f 381/143/10 383/146/10 387/150/10 385/149/10
f 382/142/7 381/143/7 385/149/7 386/142/7
f 383/146/4 384/141/4 388/141/4 387/150/4
f 392/141/8 390/142/8 394/142/8 396/141/8
f 389/143/6 390/142/6 467/144/6 468/145/6
f 392/141/6 391/146/6 361/147/6 362/148/6
f 391/146/6 389/143/6 468/145/6 361/147/6
f 390/142/6 392/141/6 362/148/6 467/144/6
f 396/141/6 394/142/6 393/149/6 395/150/6
f 389/143/10 391/146/10 395/150/10 393/149/10
f 390/142/7 389/143/7 393/149/7 394/142/7
f 391/146/4 392/141/4 396/141/4 395/150/4
f 400/141/8 398/142/8 402/142/8 404/141/8
f 397/143/6 398/142/6 459/144/6 460/145/6
f 400/141/6 399/146/6 353/147/6 354/148/6
f 399/146/6 397/143/6 460/145/6 353/147/6
f 398/142/6 400/141/6 354/148/6 459/144/6
f 404/141/6 402/142/6 401/149/6 403/150/6
f 397/143/10 399/146/10 403/150/10 401/149/10
f 398/142/7 397/143/7 401/149/7 402/142/7
f 399/146/4 400/141/4 404/141/4 403/150/4
f 408/141/8 406/142/8 410/142/8 412/141/8
f 405/143/6 406/142/6 451/144/6 452/145/6
f 408/141/6 407/146/6 345/147/6 346/148/6
f 407/146/6 405/143/6 452/145/6 345/147/6
f 406/142/6 408/141/6 346/148/6 451/144/6
f 412/141/6 410/142/6 409/149/6 411/150/6
f 405/143/10 407/146/10 411/150/10 409/149/10
f 406/142/7 405/143/7 409/149/7 410/142/7
f 407/146/4 408/141/4 412/141/4 411/150/4
f 475/80/10 371/81/10 379/82/10 325/83/10
f 416/141/10 420/141/10 418/142/10 414/142/10
f 413/143/6 452/145/6 446/144/6 414/142/6
f 416/141/6 338/148/6 345/147/6 415/146/6
f 415/146/6 345/147/6 452/145/6 413/143/6
f 414/142/6 446/144/6 338/148/6 416/141/6
f 420/141/6 419/150/6 417/149/6 418/142/6
f 413/143/8 417/149/8 419/150/8 415/146/8
f 414/142/7 418/142/7 417/149/7 413/143/7
f 415/146/4 419/150/4 420/141/4 416/141/4
f 424/141/10 428/141/10 426/142/10 422/142/10
f 421/143/6 460/145/6 451/144/6 422/142/6
f 424/141/6 346/148/6 353/147/6 423/146/6
f 423/146/6 353/147/6 460/145/6 421/143/6
f 422/142/6 451/144/6 346/148/6 424/141/6
f 428/141/6 427/150/6 425/149/6 426/142/6
f 421/143/8 425/149/8 427/150/8 423/146/8
f 422/142/7 426/142/7 425/149/7 421/143/7
f 423/146/4 427/150/4 428/141/4 424/141/4
f 432/141/10 436/141/10 434/142/10 430/142/10
f 429/143/6 468/145/6 459/144/6 430/142/6
f 432/141/6 354/148/6 361/147/6 431/146/6
f 431/146/6 361/147/6 468/145/6 429/143/6
f 430/142/6 459/144/6 354/148/6 432/141/6
f 436/141/6 435/150/6 433/149/6 434/142/6
f 429/143/8 433/149/8 435/150/8 431/146/8
f 430/142/7 434/142/7 433/149/7 429/143/7
f 431/146/4 435/150/4 436/141/4 432/141/4
f 440/141/10 444/141/10 442/142/10 438/142/10
f 437/143/6 476/145/6 467/144/6 438/142/6
f 440/141/6 362/148/6 370/147/6 439/146/6
f 439/146/6 370/147/6 476/145/6 437/143/6
f 438/142/6 467/144/6 362/148/6 440/141/6
f 444/141/6 443/150/6 441/149/6 442/142/6
f 437/143/8 441/149/8 443/150/8 439/146/8
f 438/142/7 442/142/7 441/149/7 437/143/7
f 439/146/4 443/150/4 444/141/4 440/141/4
f 334/11/4 445/12/4 450/13/4 333/14/4
f 450/13/5 445/12/5 447/15/5 454/16/5
f 454/17/6 447/18/6 448/19/6 456/20/6
f 446/21/7 452/22/7 456/23/7 448/24/7
f 332/11/4 333/14/4 450/13/4 449/12/4
f 450/13/5 454/16/5 453/15/5 449/12/5
f 454/17/6 456/20/6 455/19/6 453/18/6
f 451/21/7 455/24/7 456/23/7 452/22/7
f 332/11/4 449/12/4 458/13/4 331/14/4
f 458/13/5 449/12/5 453/15/5 462/16/5
f 462/17/6 453/18/6 455/19/6 464/20/6
f 451/21/7 460/22/7 464/23/7 455/24/7
f 330/11/4 331/14/4 458/13/4 457/12/4
f 458/13/5 462/16/5 461/15/5 457/12/5
f 462/17/6 464/20/6 463/19/6 461/18/6
f 459/21/7 463/24/7 464/23/7 460/22/7
f 330/11/4 457/12/4 466/13/4 329/14/4
f 466/13/5 457/12/5 461/15/5 470/16/5
f 470/17/6 461/18/6 463/19/6 472/20/6
f 459/21/7 468/22/7 472/23/7 463/24/7
f 328/11/4 329/14/4 466/13/4 465/12/4
f 466/13/5 470/16/5 469/15/5 465/12/5
f 470/17/6 472/20/6 471/19/6 469/18/6
f 467/21/7 471/24/7 472/23/7 468/22/7
f 328/11/4 465/12/4 474/13/4 327/14/4
f 474/13/5 465/12/5 469/15/5 478/16/5
f 478/17/6 469/18/6 471/19/6 480/20/6
f 467/21/7 476/22/7 480/23/7 471/24/7
f 326/11/4 327/14/4 474/13/4 473/12/4
f 474/13/5 478/16/5 477/15/5 473/12/5
f 478/17/6 480/20/6 479/19/6 477/18/6
f 475/21/7 479/24/7 480/23/7 476/22/7
f 475/84/10 325/82/10 326/81/10
f 326/107/10 473/108/10 477/109/10 479/110/10 475/111/10
f 269/151/6 482/87/6 268/90/6
f 265/93/6 266/152/6 481/153/6 482/91/6
f 446/21/7 448/24/7 959/23/7 525/22/7
f 958/17/11 959/20/11 448/19/11 447/18/11
f 957/13/12 958/16/12 447/15/12 445/12/12
f 334/11/4 486/14/4 957/13/4 445/12/4
f 519/146/4 520/141/4 524/141/4 523/150/4
f 483/142/7 484/143/7 521/149/7 522/142/7
f 484/143/13 519/146/13 523/150/13 521/149/13
f 524/141/11 522/142/11 521/149/11 523/150/11
f 483/142/11 520/141/11 338/148/11 446/144/11
f 519/146/11 484/143/11 525/145/11 485/147/11
f 520/141/11 519/146/11 485/147/11 338/148/11
f 484/143/11 483/142/11 446/144/11 525/145/11
f 520/141/14 483/142/14 522/142/14 524/141/14
f 338/11/4 485/14/4 853/13/4 337/12/4
f 853/13/12 852/16/12 336/15/12 337/12/12
f 852/122/11 851/125/11 335/124/11 336/123/11
f 490/114/14 488/115/14 492/115/14 494/114/14
f 487/117/11 488/115/11 5/118/11 516/121/11
f 490/114/11 489/112/11 486/120/11 334/119/11
f 489/112/11 487/117/11 516/121/11 486/120/11
f 488/115/11 490/114/11 334/119/11 5/118/11
f 494/114/11 492/115/11 491/116/11 493/113/11
f 487/117/13 489/112/13 493/113/13 491/116/13
f 488/115/7 487/117/7 491/116/7 492/115/7
f 489/112/4 490/114/4 494/114/4 493/113/4
f 501/25/14 499/26/14 497/27/14 495/28/14
f 495/28/11 497/27/11 498/61/11 496/62/11
f 502/57/4 501/25/4 495/28/4 496/62/4
f 500/58/13 502/57/13 496/62/13 498/61/13
f 499/26/7 500/58/7 498/61/7 497/27/7
f 500/26/11 518/59/11 517/37/11 502/25/11
f 501/57/11 3/36/11 2/60/11 499/58/11
f 499/58/11 2/60/11 518/59/11 500/26/11
f 502/25/11 517/37/11 3/36/11 501/57/11
f 512/55/7 506/55/7 503/56/7 509/56/7
f 511/35/13 505/53/13 506/54/13 512/38/13
f 510/34/4 504/34/4 505/53/4 511/35/4
f 505/49/11 504/52/11 503/51/11 506/50/11
f 13/45/11 8/48/11 508/47/11 509/46/11
f 515/41/11 513/44/11 512/43/11 507/42/11
f 510/34/11 9/36/11 13/40/11 509/33/11
f 512/38/11 513/39/11 514/37/11 511/35/11
f 511/35/11 514/37/11 9/36/11 510/34/11
f 509/33/14 503/33/14 504/34/14 510/34/14
f 509/29/11 508/32/11 507/31/11 512/30/11
f 2/21/7 12/24/7 531/23/7 518/22/7
f 530/17/15 531/20/15 12/19/15 11/18/15
f 529/13/12 530/16/12 11/15/12 10/12/12
f 9/11/4 514/14/4 529/13/4 10/12/4
f 5/21/7 7/24/7 528/23/7 516/22/7
f 527/17/11 528/20/11 7/19/11 6/18/11
f 526/13/12 527/16/12 6/15/12 4/12/12
f 517/11/4 553/14/4 555/13/4 526/12/4
f 555/13/16 559/16/16 527/15/16 526/12/16
f 559/17/8 561/20/8 528/19/8 527/18/8
f 516/21/7 528/24/7 561/23/7 557/22/7
f 542/25/6 546/28/6 548/27/6 544/26/6
f 514/11/4 565/14/4 567/13/4 529/12/4
f 567/13/16 569/16/16 530/15/16 529/12/16
f 569/17/17 571/20/17 531/19/17 530/18/17
f 518/21/7 531/24/7 571/23/7 551/22/7
f 535/29/8 536/32/8 537/31/8 532/30/8
f 535/33/18 541/33/18 540/34/18 534/34/18
f 533/35/8 565/37/8 514/36/8 534/34/8
f 532/38/8 573/39/8 565/37/8 533/35/8
f 534/34/8 514/36/8 513/40/8 535/33/8
f 563/41/8 573/44/8 532/43/8 537/42/8
f 513/45/8 515/48/8 536/47/8 535/46/8
f 539/49/8 540/52/8 541/51/8 538/50/8
f 534/34/4 540/34/4 539/53/4 533/35/4
f 533/35/6 539/53/6 538/54/6 532/38/6
f 532/55/7 538/55/7 541/56/7 535/56/7
f 542/25/8 553/37/8 517/36/8 543/57/8
f 545/58/8 518/60/8 551/59/8 544/26/8
f 543/57/8 517/36/8 518/60/8 545/58/8
f 544/26/8 551/59/8 553/37/8 542/25/8
f 546/28/8 547/62/8 549/61/8 548/27/8
f 543/57/4 547/62/4 546/28/4 542/25/4
f 545/58/18 549/61/18 547/62/18 543/57/18
f 544/26/7 548/27/7 549/61/7 545/58/7
f 552/11/4 554/12/4 555/13/4 553/14/4
f 555/13/16 554/12/16 558/15/16 559/16/16
f 559/17/8 558/18/8 560/19/8 561/20/8
f 556/21/7 557/22/7 561/23/7 560/24/7
f 564/11/4 566/12/4 567/13/4 565/14/4
f 567/13/16 566/12/16 568/15/16 569/16/16
f 569/17/17 568/18/17 570/19/17 571/20/17
f 550/21/7 551/22/7 571/23/7 570/24/7
f 577/29/8 574/30/8 579/31/8 578/32/8
f 577/33/6 576/34/6 582/34/6 583/33/6
f 575/35/8 576/34/8 564/36/8 565/37/8
f 574/38/8 575/35/8 565/37/8 573/39/8
f 576/34/8 577/33/8 572/40/8 564/36/8
f 563/41/8 579/42/8 574/43/8 573/44/8
f 572/45/8 577/46/8 578/47/8 562/48/8
f 581/49/8 580/50/8 583/51/8 582/52/8
f 576/34/4 575/35/4 581/53/4 582/34/4
f 575/35/18 574/38/18 580/54/18 581/53/18
f 574/55/7 577/56/7 583/56/7 580/55/7
f 584/25/8 585/57/8 552/36/8 553/37/8
f 587/58/8 586/26/8 551/59/8 550/60/8
f 585/57/8 587/58/8 550/60/8 552/36/8
f 586/26/8 584/25/8 553/37/8 551/59/8
f 587/26/7 589/27/7 588/61/7 586/58/7
f 586/58/18 588/61/18 590/62/18 584/57/18
f 584/57/4 590/62/4 591/28/4 585/25/4
f 591/28/8 590/62/8 588/61/8 589/27/8
f 585/25/6 591/28/6 589/27/6 587/26/6
f 552/11/4 613/14/4 615/13/4 554/12/4
f 615/13/16 619/16/16 558/15/16 554/12/16
f 619/17/8 621/20/8 560/19/8 558/18/8
f 556/21/7 560/24/7 621/23/7 617/22/7
f 602/25/6 606/28/6 608/27/6 604/26/6
f 564/11/4 625/14/4 627/13/4 566/12/4
f 627/13/16 629/16/16 568/15/16 566/12/16
f 629/17/17 631/20/17 570/19/17 568/18/17
f 550/21/7 570/24/7 631/23/7 611/22/7
f 595/29/8 596/32/8 597/31/8 592/30/8
f 595/33/18 601/33/18 600/34/18 594/34/18
f 593/35/8 625/37/8 564/36/8 594/34/8
f 592/38/8 633/39/8 625/37/8 593/35/8
f 594/34/8 564/36/8 572/40/8 595/33/8
f 623/41/8 633/44/8 592/43/8 597/42/8
f 572/45/8 562/48/8 596/47/8 595/46/8
f 599/49/8 600/52/8 601/51/8 598/50/8
f 594/34/4 600/34/4 599/53/4 593/35/4
f 593/35/6 599/53/6 598/54/6 592/38/6
f 592/55/7 598/55/7 601/56/7 595/56/7
f 602/25/8 613/37/8 552/36/8 603/57/8
f 605/58/8 550/60/8 611/59/8 604/26/8
f 603/57/8 552/36/8 550/60/8 605/58/8
f 604/26/8 611/59/8 613/37/8 602/25/8
f 606/28/8 607/62/8 609/61/8 608/27/8
f 603/57/4 607/62/4 606/28/4 602/25/4
f 605/58/18 609/61/18 607/62/18 603/57/18
f 604/26/7 608/27/7 609/61/7 605/58/7
f 612/11/4 614/12/4 615/13/4 613/14/4
f 615/13/16 614/12/16 618/15/16 619/16/16
f 619/17/8 618/18/8 620/19/8 621/20/8
f 616/21/7 617/22/7 621/23/7 620/24/7
f 624/11/4 626/12/4 627/13/4 625/14/4
f 627/13/16 626/12/16 628/15/16 629/16/16
f 629/17/17 628/18/17 630/19/17 631/20/17
f 610/21/7 611/22/7 631/23/7 630/24/7
f 637/63/6 789/66/6 790/65/6 638/64/6
f 635/67/4 787/71/4 992/70/4 788/69/4 636/68/4
f 635/72/8 636/73/8 624/36/8 625/37/8
f 634/74/8 635/72/8 625/37/8 633/39/8
f 636/73/8 637/75/8 632/40/8 624/36/8
f 623/41/8 639/77/8 634/76/8 633/44/8
f 632/45/8 637/79/8 638/78/8 622/48/8
f 640/25/8 641/57/8 612/36/8 613/37/8
f 643/58/8 642/26/8 611/59/8 610/60/8
f 641/57/8 643/58/8 610/60/8 612/36/8
f 642/26/8 640/25/8 613/37/8 611/59/8
f 643/26/7 645/27/7 644/61/7 642/58/7
f 642/58/18 644/61/18 646/62/18 640/57/18
f 640/57/4 646/62/4 647/28/4 641/25/4
f 647/28/8 646/62/8 644/61/8 645/27/8
f 641/25/6 647/28/6 645/27/6 643/26/6
f 612/11/4 669/14/4 671/13/4 614/12/4
f 671/13/16 675/16/16 618/15/16 614/12/16
f 675/17/8 677/20/8 620/19/8 618/18/8
f 616/21/7 620/24/7 677/23/7 673/22/7
f 658/25/6 662/28/6 664/27/6 660/26/6
f 624/11/4 681/14/4 683/13/4 626/12/4
f 683/13/16 685/16/16 628/15/16 626/12/16
f 685/17/17 687/20/17 630/19/17 628/18/17
f 610/21/7 630/24/7 687/23/7 667/22/7
f 651/29/8 652/32/8 653/31/8 648/30/8
f 651/33/18 657/33/18 656/34/18 650/34/18
f 649/35/8 681/37/8 624/36/8 650/34/8
f 648/38/8 689/39/8 681/37/8 649/35/8
f 650/34/8 624/36/8 632/40/8 651/33/8
f 679/41/8 689/44/8 648/43/8 653/42/8
f 632/45/8 622/48/8 652/47/8 651/46/8
f 655/49/8 656/52/8 657/51/8 654/50/8
f 650/34/4 656/34/4 655/53/4 649/35/4
f 649/35/6 655/53/6 654/54/6 648/38/6
f 648/55/7 654/55/7 657/56/7 651/56/7
f 658/25/8 669/37/8 612/36/8 659/57/8
f 661/58/8 610/60/8 667/59/8 660/26/8
f 659/57/8 612/36/8 610/60/8 661/58/8
f 660/26/8 667/59/8 669/37/8 658/25/8
f 662/28/8 663/62/8 665/61/8 664/27/8
f 659/57/4 663/62/4 662/28/4 658/25/4
f 661/58/18 665/61/18 663/62/18 659/57/18
f 660/26/7 664/27/7 665/61/7 661/58/7
f 668/11/4 670/12/4 671/13/4 669/14/4
f 671/13/16 670/12/16 674/15/16 675/16/16
f 675/17/8 674/18/8 676/19/8 677/20/8
f 672/21/7 673/22/7 677/23/7 676/24/7
f 680/11/4 682/12/4 683/13/4 681/14/4
f 683/13/16 682/12/16 684/15/16 685/16/16
f 685/17/17 684/18/17 686/19/17 687/20/17
f 666/21/7 667/22/7 687/23/7 686/24/7
f 693/29/8 690/30/8 695/31/8 694/32/8
f 693/33/6 692/34/6 698/34/6 699/33/6
f 691/35/8 692/34/8 680/36/8 681/37/8
f 690/38/8 691/35/8 681/37/8 689/39/8
f 692/34/8 693/33/8 688/40/8 680/36/8
f 679/41/8 695/42/8 690/43/8 689/44/8
f 688/45/8 693/46/8 694/47/8 678/48/8
f 697/49/8 696/50/8 699/51/8 698/52/8
f 692/34/4 691/35/4 697/53/4 698/34/4
f 691/35/18 690/38/18 696/54/18 697/53/18
f 690/55/7 693/56/7 699/56/7 696/55/7
f 700/25/8 701/57/8 668/36/8 669/37/8
f 703/58/8 702/26/8 667/59/8 666/60/8
f 701/57/8 703/58/8 666/60/8 668/36/8
f 702/26/8 700/25/8 669/37/8 667/59/8
f 703/26/7 705/27/7 704/61/7 702/58/7
f 702/58/18 704/61/18 706/62/18 700/57/18
f 700/57/4 706/62/4 707/28/4 701/25/4
f 707/28/8 706/62/8 704/61/8 705/27/8
f 701/25/6 707/28/6 705/27/6 703/26/6
f 668/11/4 729/14/4 731/13/4 670/12/4
f 731/13/16 735/16/16 674/15/16 670/12/16
f 735/17/8 737/20/8 676/19/8 674/18/8
f 672/21/7 676/24/7 737/23/7 733/22/7
f 718/25/6 722/28/6 724/27/6 720/26/6
f 680/11/4 740/14/4 742/13/4 682/12/4
f 742/13/16 744/16/16 684/15/16 682/12/16
f 744/17/17 746/20/17 686/19/17 684/18/17
f 666/21/7 686/24/7 746/23/7 727/22/7
f 711/29/8 712/32/8 713/31/8 708/30/8
f 711/33/18 717/33/18 716/34/18 710/34/18
f 709/35/8 740/37/8 680/36/8 710/34/8
f 708/38/8 748/39/8 740/37/8 709/35/8
f 710/34/8 680/36/8 688/40/8 711/33/8
f 688/45/8 678/48/8 712/47/8 711/46/8
f 715/49/8 716/52/8 717/51/8 714/50/8
f 710/34/4 716/34/4 715/53/4 709/35/4
f 709/35/6 715/53/6 714/54/6 708/38/6
f 708/55/7 714/55/7 717/56/7 711/56/7
f 718/25/8 729/37/8 668/36/8 719/57/8
f 721/58/8 666/60/8 727/59/8 720/26/8
f 719/57/8 668/36/8 666/60/8 721/58/8
f 720/26/8 727/59/8 729/37/8 718/25/8
f 722/28/8 723/62/8 725/61/8 724/27/8
f 719/57/4 723/62/4 722/28/4 718/25/4
f 721/58/18 725/61/18 723/62/18 719/57/18
f 720/26/7 724/27/7 725/61/7 721/58/7
f 728/11/4 730/12/4 731/13/4 729/14/4
f 731/13/16 730/12/16 734/15/16 735/16/16
f 735/17/8 734/18/8 736/19/8 737/20/8
f 732/21/7 733/22/7 737/23/7 736/24/7
f 739/11/4 741/12/4 742/13/4 740/14/4
f 742/13/16 741/12/16 743/15/16 744/16/16
f 744/17/17 743/18/17 745/19/17 746/20/17
f 726/21/7 727/22/7 746/23/7 745/24/7
f 752/29/8 749/30/8 754/31/8 753/32/8
f 752/33/6 751/34/6 757/34/6 758/33/6
f 750/35/8 751/34/8 739/36/8 740/37/8
f 749/38/8 750/35/8 740/37/8 748/39/8
f 751/34/8 752/33/8 747/40/8 739/36/8
f 747/45/8 752/46/8 753/47/8 738/48/8
f 756/49/8 755/50/8 758/51/8 757/52/8
f 751/34/4 750/35/4 756/53/4 757/34/4
f 750/35/18 749/38/18 755/54/18 756/53/18
f 749/55/7 752/56/7 758/56/7 755/55/7
f 759/25/8 760/57/8 728/36/8 729/37/8
f 762/58/8 761/26/8 727/59/8 726/60/8
f 760/57/8 762/58/8 726/60/8 728/36/8
f 761/26/8 759/25/8 729/37/8 727/59/8
f 762/26/7 764/27/7 763/61/7 761/58/7
f 761/58/18 763/61/18 765/62/18 759/57/18
f 759/57/4 765/62/4 766/28/4 760/25/4
f 766/28/8 765/62/8 763/61/8 764/27/8
f 760/25/6 766/28/6 764/27/6 762/26/6
f 732/84/18 728/81/18 778/82/18
f 986/84/18 843/81/18 775/82/18
f 986/80/18 775/83/18 1624/82/18 885/81/18
f 1627/80/18 1624/131/18 1625/130/18
f 1627/84/18 885/81/18 1624/82/18
f 732/80/18 778/83/18 775/82/18 843/81/18
f 726/84/18 739/81/18 776/82/18
f 1626/80/18 777/86/18 776/82/18 739/81/18 747/85/18
f 726/80/18 776/83/18 778/82/18 728/81/18
f 993/87/8 789/90/8 788/89/8 992/88/8
f 993/91/8 786/93/8 791/92/8
f 634/94/18 786/97/18 787/96/18 635/95/18
f 639/64/18 791/65/18 786/66/18 634/63/18
f 636/98/6 788/101/6 789/100/6 637/99/6
f 1497/107/18 1586/108/18 1588/109/18 1589/110/18 1587/111/18
f 1587/84/18 775/82/18 1497/81/18
f 772/112/4 771/114/4 767/114/4 768/113/4
f 773/115/7 774/117/7 770/116/7 769/115/7
f 774/117/6 772/112/6 768/113/6 770/116/6
f 767/114/8 769/115/8 770/116/8 768/113/8
f 773/115/8 771/114/8 845/119/8 672/118/8
f 772/112/8 774/117/8 733/121/8 844/120/8
f 771/114/8 772/112/8 844/120/8 845/119/8
f 774/117/8 773/115/8 672/118/8 733/121/8
f 771/114/18 773/115/18 769/115/18 767/114/18
f 792/112/4 785/114/4 779/114/4 780/113/4
f 793/115/7 794/117/7 784/116/7 781/115/7
f 794/117/6 792/112/6 780/113/6 784/116/6
f 779/114/8 781/115/8 784/116/8 780/113/8
f 793/115/8 785/114/8 847/119/8 616/118/8
f 792/112/8 794/117/8 673/121/8 846/120/8
f 785/114/8 792/112/8 846/120/8 847/119/8
f 794/117/8 793/115/8 616/118/8 673/121/8
f 785/114/18 793/115/18 781/115/18 779/114/18
f 800/112/4 799/114/4 795/114/4 796/113/4
f 801/115/7 802/117/7 798/116/7 797/115/7
f 802/117/6 800/112/6 796/113/6 798/116/6
f 795/114/8 797/115/8 798/116/8 796/113/8
f 801/115/8 799/114/8 849/119/8 556/118/8
f 800/112/8 802/117/8 617/121/8 848/120/8
f 799/114/8 800/112/8 848/120/8 849/119/8
f 802/117/8 801/115/8 556/118/8 617/121/8
f 799/114/18 801/115/18 797/115/18 795/114/18
f 808/112/4 807/114/4 803/114/4 804/113/4
f 809/115/7 810/117/7 806/116/7 805/115/7
f 810/117/6 808/112/6 804/113/6 806/116/6
f 803/114/8 805/115/8 806/116/8 804/113/8
f 809/115/8 807/114/8 486/119/8 516/118/8
f 808/112/8 810/117/8 557/121/8 850/120/8
f 807/114/8 808/112/8 850/120/8 486/119/8
f 810/117/8 809/115/8 516/118/8 557/121/8
f 807/114/18 809/115/18 805/115/18 803/114/18
f 1587/80/18 1525/81/18 1624/82/18 775/83/18
f 1522/136/18 1623/137/18 1525/138/18 1524/139/18 1523/140/18
f 816/112/4 812/113/4 811/114/4 815/114/4
f 817/115/7 813/115/7 814/116/7 818/117/7
f 818/117/18 814/116/18 812/113/18 816/112/18
f 811/114/8 812/113/8 814/116/8 813/115/8
f 817/115/8 556/118/8 849/119/8 815/114/8
f 816/112/8 850/120/8 557/121/8 818/117/8
f 815/114/8 849/119/8 850/120/8 816/112/8
f 818/117/8 557/121/8 556/118/8 817/115/8
f 815/114/6 811/114/6 813/115/6 817/115/6
f 824/112/4 820/113/4 819/114/4 823/114/4
f 825/115/7 821/115/7 822/116/7 826/117/7
f 826/117/18 822/116/18 820/113/18 824/112/18
f 819/114/8 820/113/8 822/116/8 821/115/8
f 825/115/8 616/118/8 847/119/8 823/114/8
f 824/112/8 848/120/8 617/121/8 826/117/8
f 823/114/8 847/119/8 848/120/8 824/112/8
f 826/117/8 617/121/8 616/118/8 825/115/8
f 823/114/6 819/114/6 821/115/6 825/115/6
f 832/112/4 828/113/4 827/114/4 831/114/4
f 833/115/7 829/115/7 830/116/7 834/117/7
f 834/117/18 830/116/18 828/113/18 832/112/18
f 827/114/8 828/113/8 830/116/8 829/115/8
f 833/115/8 672/118/8 845/119/8 831/114/8
f 832/112/8 846/120/8 673/121/8 834/117/8
f 831/114/8 845/119/8 846/120/8 832/112/8
f 834/117/8 673/121/8 672/118/8 833/115/8
f 831/114/6 827/114/6 829/115/6 833/115/6
f 840/112/4 836/113/4 835/114/4 839/114/4
f 841/115/7 837/115/7 838/116/7 842/117/7
f 842/117/18 838/116/18 836/113/18 840/112/18
f 835/114/8 836/113/8 838/116/8 837/115/8
f 841/115/8 732/118/8 843/119/8 839/114/8
f 840/112/8 844/120/8 733/121/8 842/117/8
f 839/114/8 843/119/8 844/120/8 840/112/8
f 842/117/8 733/121/8 732/118/8 841/115/8
f 839/114/6 835/114/6 837/115/6 841/115/6
f 856/122/8 854/125/8 851/124/8 852/123/8
f 858/13/16 856/16/16 852/15/16 853/12/16
f 485/11/4 860/14/4 858/13/4 853/12/4
f 856/122/8 857/123/8 855/124/8 854/125/8
f 858/13/16 859/12/16 857/15/16 856/16/16
f 861/11/4 859/12/4 858/13/4 860/14/4
f 864/122/8 862/125/8 855/124/8 857/123/8
f 866/13/16 864/16/16 857/15/16 859/12/16
f 861/11/4 868/14/4 866/13/4 859/12/4
f 864/122/8 865/123/8 863/124/8 862/125/8
f 866/13/16 867/12/16 865/15/16 864/16/16
f 869/11/4 867/12/4 866/13/4 868/14/4
f 872/122/8 870/125/8 863/124/8 865/123/8
f 874/13/16 872/16/16 865/15/16 867/12/16
f 869/11/4 876/14/4 874/13/4 867/12/4
f 872/122/8 873/123/8 871/124/8 870/125/8
f 874/13/16 875/12/16 873/15/16 872/16/16
f 877/11/4 875/12/4 874/13/4 876/14/4
f 880/122/8 878/125/8 871/124/8 873/123/8
f 882/13/16 880/16/16 873/15/16 875/12/16
f 877/11/4 884/14/4 882/13/4 875/12/4
f 1623/80/18 1625/130/18 1624/131/18
f 880/122/8 881/123/8 879/124/8 878/125/8
f 882/13/16 883/12/16 881/15/16 880/16/16
f 885/11/4 883/12/4 882/13/4 884/14/4
f 1623/84/18 1624/82/18 1525/81/18
f 1522/126/18 892/127/18 1625/128/18 1623/129/18
f 1442/80/18 1497/81/18 775/82/18 778/83/18
f 891/132/2 878/135/2 879/134/2 892/133/2
f 890/132/2 871/135/2 878/134/2 891/133/2
f 889/132/2 870/135/2 871/134/2 890/133/2
f 888/132/2 863/135/2 870/134/2 889/133/2
f 887/132/2 862/135/2 863/134/2 888/133/2
f 886/132/2 855/135/2 862/134/2 887/133/2
f 1440/107/18 1441/108/18 1443/109/18 1444/110/18 1442/111/18
f 896/141/6 900/141/6 898/142/6 894/142/6
f 893/143/8 987/145/8 986/144/8 894/142/8
f 896/141/8 885/148/8 884/147/8 895/146/8
f 895/146/8 884/147/8 987/145/8 893/143/8
f 894/142/8 986/144/8 885/148/8 896/141/8
f 900/141/8 899/150/8 897/149/8 898/142/8
f 893/143/18 897/149/18 899/150/18 895/146/18
f 894/142/7 898/142/7 897/149/7 893/143/7
f 895/146/4 899/150/4 900/141/4 896/141/4
f 904/141/6 908/141/6 906/142/6 902/142/6
f 901/143/8 979/145/8 978/144/8 902/142/8
f 904/141/8 877/148/8 876/147/8 903/146/8
f 903/146/8 876/147/8 979/145/8 901/143/8
f 902/142/8 978/144/8 877/148/8 904/141/8
f 908/141/8 907/150/8 905/149/8 906/142/8
f 901/143/18 905/149/18 907/150/18 903/146/18
f 902/142/7 906/142/7 905/149/7 901/143/7
f 903/146/4 907/150/4 908/141/4 904/141/4
f 912/141/6 916/141/6 914/142/6 910/142/6
f 909/143/8 971/145/8 970/144/8 910/142/8
f 912/141/8 869/148/8 868/147/8 911/146/8
f 911/146/8 868/147/8 971/145/8 909/143/8
f 910/142/8 970/144/8 869/148/8 912/141/8
f 916/141/8 915/150/8 913/149/8 914/142/8
f 909/143/18 913/149/18 915/150/18 911/146/18
f 910/142/7 914/142/7 913/149/7 909/143/7
f 911/146/4 915/150/4 916/141/4 912/141/4
f 920/141/6 924/141/6 922/142/6 918/142/6
f 917/143/8 963/145/8 962/144/8 918/142/8
f 920/141/8 861/148/8 860/147/8 919/146/8
f 919/146/8 860/147/8 963/145/8 917/143/8
f 918/142/8 962/144/8 861/148/8 920/141/8
f 924/141/8 923/150/8 921/149/8 922/142/8
f 917/143/18 921/149/18 923/150/18 919/146/18
f 918/142/7 922/142/7 921/149/7 917/143/7
f 919/146/4 923/150/4 924/141/4 920/141/4
f 1447/102/18 1448/103/18 1449/104/18 1439/105/18 1446/106/18
f 1439/84/18 776/82/18 1446/81/18
f 928/141/18 926/142/18 930/142/18 932/141/18
f 925/143/8 926/142/8 525/144/8 963/145/8
f 928/141/8 927/146/8 860/147/8 485/148/8
f 927/146/8 925/143/8 963/145/8 860/147/8
f 926/142/8 928/141/8 485/148/8 525/144/8
f 932/141/8 930/142/8 929/149/8 931/150/8
f 925/143/6 927/146/6 931/150/6 929/149/6
f 926/142/7 925/143/7 929/149/7 930/142/7
f 927/146/4 928/141/4 932/141/4 931/150/4
f 936/141/18 934/142/18 938/142/18 940/141/18
f 933/143/8 934/142/8 962/144/8 971/145/8
f 936/141/8 935/146/8 868/147/8 861/148/8
f 935/146/8 933/143/8 971/145/8 868/147/8
f 934/142/8 936/141/8 861/148/8 962/144/8
f 940/141/8 938/142/8 937/149/8 939/150/8
f 933/143/6 935/146/6 939/150/6 937/149/6
f 934/142/7 933/143/7 937/149/7 938/142/7
f 935/146/4 936/141/4 940/141/4 939/150/4
f 944/141/18 942/142/18 946/142/18 948/141/18
f 941/143/8 942/142/8 970/144/8 979/145/8
f 944/141/8 943/146/8 876/147/8 869/148/8
f 943/146/8 941/143/8 979/145/8 876/147/8
f 942/142/8 944/141/8 869/148/8 970/144/8
f 948/141/8 946/142/8 945/149/8 947/150/8
f 941/143/6 943/146/6 947/150/6 945/149/6
f 942/142/7 941/143/7 945/149/7 946/142/7
f 943/146/4 944/141/4 948/141/4 947/150/4
f 952/141/18 950/142/18 954/142/18 956/141/18
f 949/143/8 950/142/8 978/144/8 987/145/8
f 952/141/8 951/146/8 884/147/8 877/148/8
f 951/146/8 949/143/8 987/145/8 884/147/8
f 950/142/8 952/141/8 877/148/8 978/144/8
f 956/141/8 954/142/8 953/149/8 955/150/8
f 949/143/6 951/146/6 955/150/6 953/149/6
f 950/142/7 949/143/7 953/149/7 954/142/7
f 951/146/4 952/141/4 956/141/4 955/150/4
f 486/11/4 850/14/4 961/13/4 957/12/4
f 961/13/16 965/16/16 958/15/16 957/12/16
f 965/17/8 967/20/8 959/19/8 958/18/8
f 525/21/7 959/24/7 967/23/7 963/22/7
f 849/11/4 960/12/4 961/13/4 850/14/4
f 961/13/16 960/12/16 964/15/16 965/16/16
f 965/17/8 964/18/8 966/19/8 967/20/8
f 962/21/7 963/22/7 967/23/7 966/24/7
f 849/11/4 848/14/4 969/13/4 960/12/4
f 969/13/16 973/16/16 964/15/16 960/12/16
f 973/17/8 975/20/8 966/19/8 964/18/8
f 962/21/7 966/24/7 975/23/7 971/22/7
f 847/11/4 968/12/4 969/13/4 848/14/4
f 969/13/16 968/12/16 972/15/16 973/16/16
f 973/17/8 972/18/8 974/19/8 975/20/8
f 970/21/7 971/22/7 975/23/7 974/24/7
f 847/11/4 846/14/4 977/13/4 968/12/4
f 977/13/16 981/16/16 972/15/16 968/12/16
f 981/17/8 983/20/8 974/19/8 972/18/8
f 970/21/7 974/24/7 983/23/7 979/22/7
f 845/11/4 976/12/4 977/13/4 846/14/4
f 977/13/16 976/12/16 980/15/16 981/16/16
f 981/17/8 980/18/8 982/19/8 983/20/8
f 978/21/7 979/22/7 983/23/7 982/24/7
f 845/11/4 844/14/4 985/13/4 976/12/4
f 985/13/16 989/16/16 980/15/16 976/12/16
f 989/17/8 991/20/8 982/19/8 980/18/8
f 978/21/7 982/24/7 991/23/7 987/22/7
f 843/11/4 984/12/4 985/13/4 844/14/4
f 985/13/16 984/12/16 988/15/16 989/16/16
f 989/17/8 988/18/8 990/19/8 991/20/8
f 986/21/7 987/22/7 991/23/7 990/24/7
f 1445/80/18 1450/85/18 1446/81/18 776/82/18 777/86/18
f 1442/84/18 778/82/18 1440/81/18
f 1439/80/18 1440/81/18 778/82/18 776/83/18
f 790/151/8 789/90/8 993/87/8
f 786/93/8 993/91/8 992/153/8 787/152/8
f 996/11/4 997/14/4 999/13/4 998/12/4
f 999/13/19 1003/16/19 1002/15/19 998/12/19
f 1003/17/18 1005/20/18 1004/19/18 1002/18/18
f 1000/21/7 1004/24/7 1005/23/7 1001/22/7
f 1008/11/4 1009/14/4 1011/13/4 1010/12/4
f 1011/13/19 1013/16/19 1012/15/19 1010/12/19
f 1013/17/20 1622/20/20 1014/19/20 1012/18/20
f 994/21/7 1014/24/7 1622/23/7 995/22/7
f 1020/29/18 1021/32/18 1022/31/18 1017/30/18
f 1020/33/10 1026/33/10 1025/34/10 1019/34/10
f 1018/35/18 1009/37/18 1008/36/18 1019/34/18
f 1017/38/18 1016/39/18 1009/37/18 1018/35/18
f 1019/34/18 1008/36/18 1015/40/18 1020/33/18
f 1007/41/18 1016/44/18 1017/43/18 1022/42/18
f 1015/45/18 1006/48/18 1021/47/18 1020/46/18
f 1024/49/18 1025/52/18 1026/51/18 1023/50/18
f 1019/34/4 1025/34/4 1024/53/4 1018/35/4
f 1018/35/8 1024/53/8 1023/54/8 1017/38/8
f 1017/55/7 1023/55/7 1026/56/7 1020/56/7
f 1027/25/18 997/37/18 996/36/18 1028/57/18
f 1030/58/18 994/60/18 995/59/18 1029/26/18
f 1028/57/18 996/36/18 994/60/18 1030/58/18
f 1029/26/18 995/59/18 997/37/18 1027/25/18
f 1030/26/7 1029/58/7 1031/61/7 1032/27/7
f 1029/58/8 1027/57/8 1033/62/8 1031/61/8
f 1027/57/4 1028/25/4 1034/28/4 1033/62/4
f 1034/28/18 1032/27/18 1031/61/18 1033/62/18
f 1028/25/10 1030/26/10 1032/27/10 1034/28/10
f 996/11/4 998/12/4 1058/13/4 1056/14/4
f 1058/13/19 998/12/19 1002/15/19 1062/16/19
f 1062/17/18 1002/18/18 1004/19/18 1064/20/18
f 1000/21/7 1060/22/7 1064/23/7 1004/24/7
f 1045/25/10 1047/26/10 1051/27/10 1049/28/10
f 1008/11/4 1010/12/4 1070/13/4 1068/14/4
f 1070/13/19 1010/12/19 1012/15/19 1072/16/19
f 1072/17/21 1012/18/21 1014/19/21 1074/20/21
f 994/21/7 1054/22/7 1074/23/7 1014/24/7
f 1038/29/18 1035/30/18 1040/31/18 1039/32/18
f 1038/33/8 1037/34/8 1043/34/8 1044/33/8
f 1036/35/18 1037/34/18 1008/36/18 1068/37/18
f 1035/38/18 1036/35/18 1068/37/18 1076/39/18
f 1037/34/18 1038/33/18 1015/40/18 1008/36/18
f 1066/41/18 1040/42/18 1035/43/18 1076/44/18
f 1015/45/18 1038/46/18 1039/47/18 1006/48/18
f 1042/49/18 1041/50/18 1044/51/18 1043/52/18
f 1037/34/4 1036/35/4 1042/53/4 1043/34/4
f 1036/35/10 1035/38/10 1041/54/10 1042/53/10
f 1035/55/7 1038/56/7 1044/56/7 1041/55/7
f 1045/25/18 1046/57/18 996/36/18 1056/37/18
f 1048/58/18 1047/26/18 1054/59/18 994/60/18
f 1046/57/18 1048/58/18 994/60/18 996/36/18
f 1047/26/18 1045/25/18 1056/37/18 1054/59/18
f 1049/28/18 1051/27/18 1052/61/18 1050/62/18
f 1046/57/4 1045/25/4 1049/28/4 1050/62/4
f 1048/58/8 1046/57/8 1050/62/8 1052/61/8
f 1047/26/7 1048/58/7 1052/61/7 1051/27/7
f 1055/11/4 1056/14/4 1058/13/4 1057/12/4
f 1058/13/19 1062/16/19 1061/15/19 1057/12/19
f 1062/17/18 1064/20/18 1063/19/18 1061/18/18
f 1059/21/7 1063/24/7 1064/23/7 1060/22/7
f 1067/11/4 1068/14/4 1070/13/4 1069/12/4
f 1070/13/19 1072/16/19 1071/15/19 1069/12/19
f 1072/17/21 1074/20/21 1073/19/21 1071/18/21
f 1053/21/7 1073/24/7 1074/23/7 1054/22/7
f 1080/63/10 1081/64/10 1160/65/10 1159/66/10
f 1078/67/4 1079/68/4 1158/69/4 1291/70/4 1157/71/4
f 1078/72/18 1068/37/18 1067/36/18 1079/73/18
f 1077/74/18 1076/39/18 1068/37/18 1078/72/18
f 1079/73/18 1067/36/18 1075/40/18 1080/75/18
f 1066/41/18 1076/44/18 1077/76/18 1082/77/18
f 1075/45/18 1065/48/18 1081/78/18 1080/79/18
f 1083/25/18 1056/37/18 1055/36/18 1084/57/18
f 1086/58/18 1053/60/18 1054/59/18 1085/26/18
f 1084/57/18 1055/36/18 1053/60/18 1086/58/18
f 1085/26/18 1054/59/18 1056/37/18 1083/25/18
f 1086/26/7 1085/58/7 1087/61/7 1088/27/7
f 1085/58/8 1083/57/8 1089/62/8 1087/61/8
f 1083/57/4 1084/25/4 1090/28/4 1089/62/4
f 1090/28/18 1088/27/18 1087/61/18 1089/62/18
f 1084/25/10 1086/26/10 1088/27/10 1090/28/10
f 1055/11/4 1057/12/4 1114/13/4 1112/14/4
f 1114/13/19 1057/12/19 1061/15/19 1118/16/19
f 1118/17/18 1061/18/18 1063/19/18 1120/20/18
f 1059/21/7 1116/22/7 1120/23/7 1063/24/7
f 1101/25/10 1103/26/10 1107/27/10 1105/28/10
f 1067/11/4 1069/12/4 1126/13/4 1124/14/4
f 1126/13/19 1069/12/19 1071/15/19 1128/16/19
f 1128/17/21 1071/18/21 1073/19/21 1130/20/21
f 1053/21/7 1110/22/7 1130/23/7 1073/24/7
f 1094/29/18 1091/30/18 1096/31/18 1095/32/18
f 1094/33/8 1093/34/8 1099/34/8 1100/33/8
f 1092/35/18 1093/34/18 1067/36/18 1124/37/18
f 1091/38/18 1092/35/18 1124/37/18 1132/39/18
f 1093/34/18 1094/33/18 1075/40/18 1067/36/18
f 1122/41/18 1096/42/18 1091/43/18 1132/44/18
f 1075/45/18 1094/46/18 1095/47/18 1065/48/18
f 1098/49/18 1097/50/18 1100/51/18 1099/52/18
f 1093/34/4 1092/35/4 1098/53/4 1099/34/4
f 1092/35/10 1091/38/10 1097/54/10 1098/53/10
f 1091/55/7 1094/56/7 1100/56/7 1097/55/7
f 1101/25/18 1102/57/18 1055/36/18 1112/37/18
f 1104/58/18 1103/26/18 1110/59/18 1053/60/18
f 1102/57/18 1104/58/18 1053/60/18 1055/36/18
f 1103/26/18 1101/25/18 1112/37/18 1110/59/18
f 1105/28/18 1107/27/18 1108/61/18 1106/62/18
f 1102/57/4 1101/25/4 1105/28/4 1106/62/4
f 1104/58/8 1102/57/8 1106/62/8 1108/61/8
f 1103/26/7 1104/58/7 1108/61/7 1107/27/7
f 1111/11/4 1112/14/4 1114/13/4 1113/12/4
f 1114/13/19 1118/16/19 1117/15/19 1113/12/19
f 1118/17/18 1120/20/18 1119/19/18 1117/18/18
f 1115/21/7 1119/24/7 1120/23/7 1116/22/7
f 1123/11/4 1124/14/4 1126/13/4 1125/12/4
f 1126/13/19 1128/16/19 1127/15/19 1125/12/19
f 1128/17/21 1130/20/21 1129/19/21 1127/18/21
f 1109/21/7 1129/24/7 1130/23/7 1110/22/7
f 1136/29/18 1137/32/18 1138/31/18 1133/30/18
f 1136/33/10 1142/33/10 1141/34/10 1135/34/10
f 1134/35/18 1124/37/18 1123/36/18 1135/34/18
f 1133/38/18 1132/39/18 1124/37/18 1134/35/18
f 1135/34/18 1123/36/18 1131/40/18 1136/33/18
f 1122/41/18 1132/44/18 1133/43/18 1138/42/18
f 1131/45/18 1121/48/18 1137/47/18 1136/46/18
f 1140/49/18 1141/52/18 1142/51/18 1139/50/18
f 1135/34/4 1141/34/4 1140/53/4 1134/35/4
f 1134/35/8 1140/53/8 1139/54/8 1133/38/8
f 1133/55/7 1139/55/7 1142/56/7 1136/56/7
f 1143/25/18 1112/37/18 1111/36/18 1144/57/18
f 1146/58/18 1109/60/18 1110/59/18 1145/26/18
f 1144/57/18 1111/36/18 1109/60/18 1146/58/18
f 1145/26/18 1110/59/18 1112/37/18 1143/25/18
f 1146/26/7 1145/58/7 1147/61/7 1148/27/7
f 1145/58/8 1143/57/8 1149/62/8 1147/61/8
f 1143/57/4 1144/25/4 1150/28/4 1149/62/4
f 1150/28/18 1148/27/18 1147/61/18 1149/62/18
f 1144/25/10 1146/26/10 1148/27/10 1150/28/10
f 1292/87/18 1291/88/18 1158/89/18 1159/90/18
f 1292/91/18 1161/92/18 1156/93/18
f 1077/94/8 1078/95/8 1157/96/8 1156/97/8
f 1082/64/8 1077/63/8 1156/66/8 1161/65/8
f 1079/98/10 1080/99/10 1159/100/10 1158/101/10
f 1162/112/4 1152/113/4 1151/114/4 1155/114/4
f 1163/115/7 1153/115/7 1154/116/7 1164/117/7
f 1164/117/10 1154/116/10 1152/113/10 1162/112/10
f 1151/114/18 1152/113/18 1154/116/18 1153/115/18
f 1163/115/18 1059/118/18 1199/119/18 1155/114/18
f 1162/112/18 1198/120/18 1116/121/18 1164/117/18
f 1155/114/18 1199/119/18 1198/120/18 1162/112/18
f 1164/117/18 1116/121/18 1059/118/18 1163/115/18
f 1155/114/8 1151/114/8 1153/115/8 1163/115/8
f 1170/112/4 1166/113/4 1165/114/4 1169/114/4
f 1171/115/7 1167/115/7 1168/116/7 1172/117/7
f 1172/117/10 1168/116/10 1166/113/10 1170/112/10
f 1165/114/18 1166/113/18 1168/116/18 1167/115/18
f 1171/115/18 1000/118/18 1201/119/18 1169/114/18
f 1170/112/18 1200/120/18 1060/121/18 1172/117/18
f 1169/114/18 1201/119/18 1200/120/18 1170/112/18
f 1172/117/18 1060/121/18 1000/118/18 1171/115/18
f 1169/114/8 1165/114/8 1167/115/8 1171/115/8
f 1178/112/4 1177/114/4 1173/114/4 1174/113/4
f 1179/115/7 1180/117/7 1176/116/7 1175/115/7
f 1180/117/8 1178/112/8 1174/113/8 1176/116/8
f 1173/114/18 1175/115/18 1176/116/18 1174/113/18
f 1179/115/18 1177/114/18 1201/119/18 1000/118/18
f 1178/112/18 1180/117/18 1001/121/18 1202/120/18
f 1177/114/18 1178/112/18 1202/120/18 1201/119/18
f 1180/117/18 1179/115/18 1000/118/18 1001/121/18
f 1177/114/10 1179/115/10 1175/115/10 1173/114/10
f 1186/112/4 1185/114/4 1181/114/4 1182/113/4
f 1187/115/7 1188/117/7 1184/116/7 1183/115/7
f 1188/117/8 1186/112/8 1182/113/8 1184/116/8
f 1181/114/18 1183/115/18 1184/116/18 1182/113/18
f 1187/115/18 1185/114/18 1199/119/18 1059/118/18
f 1186/112/18 1188/117/18 1060/121/18 1200/120/18
f 1185/114/18 1186/112/18 1200/120/18 1199/119/18
f 1188/117/18 1187/115/18 1059/118/18 1060/121/18
f 1185/114/10 1187/115/10 1183/115/10 1181/114/10
f 1194/112/4 1193/114/4 1189/114/4 1190/113/4
f 1195/115/7 1196/117/7 1192/116/7 1191/115/7
f 1196/117/8 1194/112/8 1190/113/8 1192/116/8
f 1189/114/18 1191/115/18 1192/116/18 1190/113/18
f 1195/115/18 1193/114/18 1197/119/18 1115/118/18
f 1194/112/18 1196/117/18 1116/121/18 1198/120/18
f 1193/114/18 1194/112/18 1198/120/18 1197/119/18
f 1196/117/18 1195/115/18 1115/118/18 1116/121/18
f 1193/114/10 1195/115/10 1191/115/10 1189/114/10
f 1205/122/18 1203/125/18 1204/124/18 1206/123/18
f 1207/154/19 1205/16/19 1206/15/19 1208/155/19
f 1210/11/4 1209/14/4 1207/154/4 1208/155/4
f 1213/122/18 1206/123/18 1204/124/18 1211/125/18
f 1215/156/19 1208/155/19 1206/15/19 1213/16/19
f 1210/11/4 1208/155/4 1215/156/4 1217/14/4
f 1213/122/18 1211/125/18 1212/124/18 1214/123/18
f 1215/156/19 1213/16/19 1214/15/19 1216/155/19
f 1218/11/4 1217/14/4 1215/156/4 1216/155/4
f 1221/122/18 1214/123/18 1212/124/18 1219/125/18
f 1223/157/19 1216/155/19 1214/15/19 1221/16/19
f 1218/11/4 1216/155/4 1223/157/4 1225/14/4
f 1224/157/19 1222/16/19 1609/15/19 1610/158/19
f 1223/157/19 1221/16/19 1222/15/19 1224/158/19
f 1226/11/4 1225/14/4 1223/157/4 1224/158/4
f 374/132/22 373/133/22 1220/134/22 1619/159/22 1219/135/22
f 375/132/22 374/133/22 1219/134/22 1212/135/22
f 376/132/22 375/133/22 1212/134/22 1211/135/22
f 377/132/22 376/133/22 1211/134/22 1204/135/22
f 1230/141/10 1228/142/10 1232/142/10 1234/141/10
f 1227/143/18 1228/142/18 1285/144/18 1286/145/18
f 1230/141/18 1229/146/18 1225/147/18 1226/148/18
f 1229/146/18 1227/143/18 1286/145/18 1225/147/18
f 1228/142/18 1230/141/18 1226/148/18 1285/144/18
f 1234/141/18 1232/142/18 1231/149/18 1233/150/18
f 1227/143/8 1229/146/8 1233/150/8 1231/149/8
f 1228/142/7 1227/143/7 1231/149/7 1232/142/7
f 1229/146/4 1230/141/4 1234/141/4 1233/150/4
f 1238/141/10 1236/142/10 1240/142/10 1242/141/10
f 1235/143/18 1236/142/18 1277/144/18 1278/145/18
f 1238/141/18 1237/146/18 1217/147/18 1218/148/18
f 1237/146/18 1235/143/18 1278/145/18 1217/147/18
f 1236/142/18 1238/141/18 1218/148/18 1277/144/18
f 1242/141/18 1240/142/18 1239/149/18 1241/150/18
f 1235/143/8 1237/146/8 1241/150/8 1239/149/8
f 1236/142/7 1235/143/7 1239/149/7 1240/142/7
f 1237/146/4 1238/141/4 1242/141/4 1241/150/4
f 1246/141/10 1244/142/10 1248/142/10 1250/141/10
f 1243/143/18 1244/142/18 1269/144/18 1270/145/18
f 1246/141/18 1245/146/18 1209/147/18 1210/148/18
f 1245/146/18 1243/143/18 1270/145/18 1209/147/18
f 1244/142/18 1246/141/18 1210/148/18 1269/144/18
f 1250/141/18 1248/142/18 1247/149/18 1249/150/18
f 1243/143/8 1245/146/8 1249/150/8 1247/149/8
f 1244/142/7 1243/143/7 1247/149/7 1248/142/7
f 1245/146/4 1246/141/4 1250/141/4 1249/150/4
f 1254/141/8 1258/141/8 1256/142/8 1252/142/8
f 1251/143/18 1278/145/18 1269/144/18 1252/142/18
f 1254/141/18 1210/148/18 1217/147/18 1253/146/18
f 1253/146/18 1217/147/18 1278/145/18 1251/143/18
f 1252/142/18 1269/144/18 1210/148/18 1254/141/18
f 1258/141/18 1257/150/18 1255/149/18 1256/142/18
f 1251/143/10 1255/149/10 1257/150/10 1253/146/10
f 1252/142/7 1256/142/7 1255/149/7 1251/143/7
f 1253/146/4 1257/150/4 1258/141/4 1254/141/4
f 1262/141/8 1266/141/8 1264/142/8 1260/142/8
f 1259/143/18 1286/145/18 1277/144/18 1260/142/18
f 1262/141/18 1218/148/18 1225/147/18 1261/146/18
f 1261/146/18 1225/147/18 1286/145/18 1259/143/18
f 1260/142/18 1277/144/18 1218/148/18 1262/141/18
f 1266/141/18 1265/150/18 1263/149/18 1264/142/18
f 1259/143/10 1263/149/10 1265/150/10 1261/146/10
f 1260/142/7 1264/142/7 1263/149/7 1259/143/7
f 1261/146/4 1265/150/4 1266/141/4 1262/141/4
f 1201/11/4 1202/14/4 1268/13/4 1267/12/4
f 1268/13/19 1272/16/19 1271/15/19 1267/12/19
f 1272/17/18 1274/20/18 1273/19/18 1271/18/18
f 1269/21/7 1273/24/7 1274/23/7 1270/22/7
f 1201/11/4 1267/12/4 1276/13/4 1200/14/4
f 1276/13/19 1267/12/19 1271/15/19 1280/16/19
f 1280/17/18 1271/18/18 1273/19/18 1282/20/18
f 1269/21/7 1278/22/7 1282/23/7 1273/24/7
f 1199/11/4 1200/14/4 1276/13/4 1275/12/4
f 1276/13/19 1280/16/19 1279/15/19 1275/12/19
f 1280/17/18 1282/20/18 1281/19/18 1279/18/18
f 1277/21/7 1281/24/7 1282/23/7 1278/22/7
f 1199/11/4 1275/12/4 1284/13/4 1198/14/4
f 1284/13/19 1275/12/19 1279/15/19 1288/16/19
f 1288/17/18 1279/18/18 1281/19/18 1290/20/18
f 1277/21/7 1286/22/7 1290/23/7 1281/24/7
f 1197/11/4 1198/14/4 1284/13/4 1283/12/4
f 1284/13/19 1288/16/19 1287/15/19 1283/12/19
f 1288/17/18 1290/20/18 1289/19/18 1287/18/18
f 1285/21/7 1289/24/7 1290/23/7 1286/22/7
f 1160/151/18 1292/87/18 1159/90/18
f 1156/93/18 1157/152/18 1291/153/18 1292/91/18
f 378/132/22 377/133/22 1204/134/22 1203/135/22
f 1294/11/4 1295/12/4 1328/13/4 1326/14/4
f 1328/13/23 1295/12/23 1297/15/23 1332/16/23
f 1332/17/10 1297/18/10 1298/19/10 1334/20/10
f 1296/21/7 1330/22/7 1334/23/7 1298/24/7
f 1315/25/6 1317/26/6 1321/27/6 1319/28/6
f 1300/11/4 1301/12/4 1340/13/4 1338/14/4
f 1340/13/23 1301/12/23 1302/15/23 1342/16/23
f 1342/17/24 1302/18/24 1303/19/24 1344/20/24
f 1293/21/7 1324/22/7 1344/23/7 1303/24/7
f 1308/29/10 1305/30/10 1310/31/10 1309/32/10
f 1308/33/18 1307/34/18 1313/34/18 1314/33/18
f 1306/35/10 1307/34/10 1300/36/10 1338/37/10
f 1305/38/10 1306/35/10 1338/37/10 1346/39/10
f 1307/34/10 1308/33/10 1304/40/10 1300/36/10
f 1336/41/10 1310/42/10 1305/43/10 1346/44/10
f 1304/45/10 1308/46/10 1309/47/10 1299/48/10
f 1312/49/10 1311/50/10 1314/51/10 1313/52/10
f 1307/34/4 1306/35/4 1312/53/4 1313/34/4
f 1306/35/6 1305/38/6 1311/54/6 1312/53/6
f 1305/55/7 1308/56/7 1314/56/7 1311/55/7
f 1315/25/10 1316/57/10 1294/36/10 1326/37/10
f 1318/58/10 1317/26/10 1324/59/10 1293/60/10
f 1316/57/10 1318/58/10 1293/60/10 1294/36/10
f 1317/26/10 1315/25/10 1326/37/10 1324/59/10
f 1319/28/10 1321/27/10 1322/61/10 1320/62/10
f 1316/57/4 1315/25/4 1319/28/4 1320/62/4
f 1318/58/18 1316/57/18 1320/62/18 1322/61/18
f 1317/26/7 1318/58/7 1322/61/7 1321/27/7
f 1325/11/4 1326/14/4 1328/13/4 1327/12/4
f 1328/13/23 1332/16/23 1331/15/23 1327/12/23
f 1332/17/10 1334/20/10 1333/19/10 1331/18/10
f 1329/21/7 1333/24/7 1334/23/7 1330/22/7
f 1337/11/4 1338/14/4 1340/13/4 1339/12/4
f 1340/13/23 1342/16/23 1341/15/23 1339/12/23
f 1342/17/24 1344/20/24 1343/19/24 1341/18/24
f 1323/21/7 1343/24/7 1344/23/7 1324/22/7
f 1350/63/6 1351/64/6 1468/65/6 1467/66/6
f 1348/67/4 1349/68/4 1466/69/4 1590/70/4 1465/71/4
f 1348/72/10 1338/37/10 1337/36/10 1349/73/10
f 1347/74/10 1346/39/10 1338/37/10 1348/72/10
f 1349/73/10 1337/36/10 1345/40/10 1350/75/10
f 1336/41/10 1346/44/10 1347/76/10 1352/77/10
f 1345/45/10 1335/48/10 1351/78/10 1350/79/10
f 1353/25/10 1326/37/10 1325/36/10 1354/57/10
f 1356/58/10 1323/60/10 1324/59/10 1355/26/10
f 1354/57/10 1325/36/10 1323/60/10 1356/58/10
f 1355/26/10 1324/59/10 1326/37/10 1353/25/10
f 1356/26/7 1355/58/7 1357/61/7 1358/27/7
f 1355/58/18 1353/57/18 1359/62/18 1357/61/18
f 1353/57/4 1354/25/4 1360/28/4 1359/62/4
f 1360/28/10 1358/27/10 1357/61/10 1359/62/10
f 1354/25/6 1356/26/6 1358/27/6 1360/28/6
f 1325/11/4 1327/12/4 1384/13/4 1382/14/4
f 1384/13/23 1327/12/23 1331/15/23 1388/16/23
f 1388/17/10 1331/18/10 1333/19/10 1390/20/10
f 1329/21/7 1386/22/7 1390/23/7 1333/24/7
f 1371/25/6 1373/26/6 1377/27/6 1375/28/6
f 1337/11/4 1339/12/4 1396/13/4 1394/14/4
f 1396/13/23 1339/12/23 1341/15/23 1398/16/23
f 1398/17/24 1341/18/24 1343/19/24 1400/20/24
f 1323/21/7 1380/22/7 1400/23/7 1343/24/7
f 1364/29/10 1361/30/10 1366/31/10 1365/32/10
f 1364/33/18 1363/34/18 1369/34/18 1370/33/18
f 1362/35/10 1363/34/10 1337/36/10 1394/37/10
f 1361/38/10 1362/35/10 1394/37/10 1402/39/10
f 1363/34/10 1364/33/10 1345/40/10 1337/36/10
f 1392/41/10 1366/42/10 1361/43/10 1402/44/10
f 1345/45/10 1364/46/10 1365/47/10 1335/48/10
f 1368/49/10 1367/50/10 1370/51/10 1369/52/10
f 1363/34/4 1362/35/4 1368/53/4 1369/34/4
f 1362/35/6 1361/38/6 1367/54/6 1368/53/6
f 1361/55/7 1364/56/7 1370/56/7 1367/55/7
f 1371/25/10 1372/57/10 1325/36/10 1382/37/10
f 1374/58/10 1373/26/10 1380/59/10 1323/60/10
f 1372/57/10 1374/58/10 1323/60/10 1325/36/10
f 1373/26/10 1371/25/10 1382/37/10 1380/59/10
f 1375/28/10 1377/27/10 1378/61/10 1376/62/10
f 1372/57/4 1371/25/4 1375/28/4 1376/62/4
f 1374/58/18 1372/57/18 1376/62/18 1378/61/18
f 1373/26/7 1374/58/7 1378/61/7 1377/27/7
f 1381/11/4 1382/14/4 1384/13/4 1383/12/4
f 1384/13/23 1388/16/23 1387/15/23 1383/12/23
f 1388/17/10 1390/20/10 1389/19/10 1387/18/10
f 1385/21/7 1389/24/7 1390/23/7 1386/22/7
f 1393/11/4 1394/14/4 1396/13/4 1395/12/4
f 1396/13/23 1398/16/23 1397/15/23 1395/12/23
f 1398/17/24 1400/20/24 1399/19/24 1397/18/24
f 1379/21/7 1399/24/7 1400/23/7 1380/22/7
f 1406/29/10 1407/32/10 1408/31/10 1403/30/10
f 1406/33/6 1412/33/6 1411/34/6 1405/34/6
f 1404/35/10 1394/37/10 1393/36/10 1405/34/10
f 1403/38/10 1402/39/10 1394/37/10 1404/35/10
f 1405/34/10 1393/36/10 1401/40/10 1406/33/10
f 1392/41/10 1402/44/10 1403/43/10 1408/42/10
f 1401/45/10 1391/48/10 1407/47/10 1406/46/10
f 1410/49/10 1411/52/10 1412/51/10 1409/50/10
f 1405/34/4 1411/34/4 1410/53/4 1404/35/4
f 1404/35/18 1410/53/18 1409/54/18 1403/38/18
f 1403/55/7 1409/55/7 1412/56/7 1406/56/7
f 1413/25/10 1382/37/10 1381/36/10 1414/57/10
f 1416/58/10 1379/60/10 1380/59/10 1415/26/10
f 1414/57/10 1381/36/10 1379/60/10 1416/58/10
f 1415/26/10 1380/59/10 1382/37/10 1413/25/10
f 1416/26/7 1415/58/7 1417/61/7 1418/27/7
f 1415/58/18 1413/57/18 1419/62/18 1417/61/18
f 1413/57/4 1414/25/4 1420/28/4 1419/62/4
f 1420/28/10 1418/27/10 1417/61/10 1419/62/10
f 1414/25/6 1416/26/6 1418/27/6 1420/28/6
f 1381/11/4 1383/12/4 1441/13/4 1440/14/4
f 1441/13/23 1383/12/23 1387/15/23 1443/16/23
f 1443/17/10 1387/18/10 1389/19/10 1444/20/10
f 1385/21/7 1442/22/7 1444/23/7 1389/24/7
f 1431/25/6 1433/26/6 1437/27/6 1435/28/6
f 1393/11/4 1395/12/4 1447/13/4 1446/14/4
f 1447/13/23 1395/12/23 1397/15/23 1448/16/23
f 1448/17/24 1397/18/24 1399/19/24 1449/20/24
f 1379/21/7 1439/22/7 1449/23/7 1399/24/7
f 1424/29/10 1421/30/10 1426/31/10 1425/32/10
f 1424/33/18 1423/34/18 1429/34/18 1430/33/18
f 1422/35/10 1423/34/10 1393/36/10 1446/37/10
f 1421/38/10 1422/35/10 1446/37/10 1450/39/10
f 1423/34/10 1424/33/10 1401/40/10 1393/36/10
f 1445/41/10 1426/42/10 1421/43/10 1450/44/10
f 1401/45/10 1424/46/10 1425/47/10 1391/48/10
f 1428/49/10 1427/50/10 1430/51/10 1429/52/10
f 1423/34/4 1422/35/4 1428/53/4 1429/34/4
f 1422/35/6 1421/38/6 1427/54/6 1428/53/6
f 1421/55/7 1424/56/7 1430/56/7 1427/55/7
f 1431/25/10 1432/57/10 1381/36/10 1440/37/10
f 1434/58/10 1433/26/10 1439/59/10 1379/60/10
f 1432/57/10 1434/58/10 1379/60/10 1381/36/10
f 1433/26/10 1431/25/10 1440/37/10 1439/59/10
f 1435/28/10 1437/27/10 1438/61/10 1436/62/10
f 1432/57/4 1431/25/4 1435/28/4 1436/62/4
f 1434/58/18 1432/57/18 1436/62/18 1438/61/18
f 1433/26/7 1434/58/7 1438/61/7 1437/27/7
f 1591/87/10 1590/88/10 1466/89/10 1467/90/10
f 1591/91/10 1469/92/10 1464/93/10
f 1347/94/18 1348/95/18 1465/96/18 1464/97/18
f 1352/64/18 1347/63/18 1464/66/18 1469/65/18
f 1349/98/6 1350/99/6 1467/100/6 1466/101/6
f 1456/112/4 1452/113/4 1451/114/4 1455/114/4
f 1457/115/7 1453/115/7 1454/116/7 1458/117/7
f 1458/117/6 1454/116/6 1452/113/6 1456/112/6
f 1451/114/10 1452/113/10 1454/116/10 1453/115/10
f 1457/115/10 1385/118/10 1498/119/10 1455/114/10
f 1456/112/10 1497/120/10 1442/121/10 1458/117/10
f 1455/114/10 1498/119/10 1497/120/10 1456/112/10
f 1458/117/10 1442/121/10 1385/118/10 1457/115/10
f 1455/114/18 1451/114/18 1453/115/18 1457/115/18
f 1470/112/4 1460/113/4 1459/114/4 1463/114/4
f 1471/115/7 1461/115/7 1462/116/7 1472/117/7
f 1472/117/6 1462/116/6 1460/113/6 1470/112/6
f 1459/114/10 1460/113/10 1462/116/10 1461/115/10
f 1471/115/10 1329/118/10 1500/119/10 1463/114/10
f 1470/112/10 1499/120/10 1386/121/10 1472/117/10
f 1463/114/10 1500/119/10 1499/120/10 1470/112/10
f 1472/117/10 1386/121/10 1329/118/10 1471/115/10
f 1463/114/18 1459/114/18 1461/115/18 1471/115/18
f 1478/112/4 1474/113/4 1473/114/4 1477/114/4
f 1479/115/7 1475/115/7 1476/116/7 1480/117/7
f 1480/117/6 1476/116/6 1474/113/6 1478/112/6
f 1473/114/10 1474/113/10 1476/116/10 1475/115/10
f 1479/115/10 1296/118/10 1502/119/10 1477/114/10
f 1478/112/10 1501/120/10 1330/121/10 1480/117/10
f 1477/114/10 1502/119/10 1501/120/10 1478/112/10
f 1480/117/10 1330/121/10 1296/118/10 1479/115/10
f 1477/114/18 1473/114/18 1475/115/18 1479/115/18
f 1486/112/4 1485/114/4 1481/114/4 1482/113/4
f 1487/115/7 1488/117/7 1484/116/7 1483/115/7
f 1488/117/18 1486/112/18 1482/113/18 1484/116/18
f 1481/114/10 1483/115/10 1484/116/10 1482/113/10
f 1487/115/10 1485/114/10 1500/119/10 1329/118/10
f 1486/112/10 1488/117/10 1330/121/10 1501/120/10
f 1485/114/10 1486/112/10 1501/120/10 1500/119/10
f 1488/117/10 1487/115/10 1329/118/10 1330/121/10
f 1485/114/6 1487/115/6 1483/115/6 1481/114/6
f 1494/112/4 1493/114/4 1489/114/4 1490/113/4
f 1495/115/7 1496/117/7 1492/116/7 1491/115/7
f 1496/117/18 1494/112/18 1490/113/18 1492/116/18
f 1489/114/10 1491/115/10 1492/116/10 1490/113/10
f 1495/115/10 1493/114/10 1498/119/10 1385/118/10
f 1494/112/10 1496/117/10 1386/121/10 1499/120/10
f 1493/114/10 1494/112/10 1499/120/10 1498/119/10
f 1496/117/10 1495/115/10 1385/118/10 1386/121/10
f 1493/114/6 1495/115/6 1491/115/6 1489/114/6
f 1510/157/23 1504/160/23 1503/15/23 1508/16/23
f 1505/11/4 1504/160/4 1510/157/4 1512/14/4
f 1508/122/10 1506/125/10 1507/124/10 1509/123/10
f 1510/157/23 1508/16/23 1509/15/23 1511/160/23
f 1513/11/4 1512/14/4 1510/157/4 1511/160/4
f 1516/122/10 1509/123/10 1507/124/10 1514/125/10
f 1518/161/23 1511/160/23 1509/15/23 1516/16/23
f 1513/11/4 1511/160/4 1518/161/4 1520/14/4
f 1516/122/10 1514/125/10 1515/124/10 1517/123/10
f 1518/161/23 1516/16/23 1517/15/23 1519/162/23
f 1521/11/4 1520/14/4 1518/161/4 1519/162/4
f 1523/122/10 1517/123/10 1515/124/10 1522/125/10
f 1524/163/23 1519/162/23 1517/15/23 1523/16/23
f 1521/11/4 1519/162/4 1524/163/4 1525/14/4
f 891/132/25 892/133/25 1522/134/25 1515/135/25
f 890/132/25 891/133/25 1515/134/25 1514/135/25
f 889/132/25 890/133/25 1514/134/25 1507/135/25
f 888/132/25 889/133/25 1507/134/25 1506/135/25
f 887/132/26 888/133/26 1506/134/26 1618/164/26 1220/135/26
f 1529/141/6 1527/142/6 1531/142/6 1533/141/6
f 1526/143/10 1527/142/10 1580/144/10 1581/145/10
f 1529/141/10 1528/146/10 1520/147/10 1521/148/10
f 1528/146/10 1526/143/10 1581/145/10 1520/147/10
f 1527/142/10 1529/141/10 1521/148/10 1580/144/10
f 1533/141/10 1531/142/10 1530/149/10 1532/150/10
f 1526/143/18 1528/146/18 1532/150/18 1530/149/18
f 1527/142/7 1526/143/7 1530/149/7 1531/142/7
f 1528/146/4 1529/141/4 1533/141/4 1532/150/4
f 1537/141/6 1535/142/6 1539/142/6 1541/141/6
f 1534/143/10 1535/142/10 1572/144/10 1573/145/10
f 1537/141/10 1536/146/10 1512/147/10 1513/148/10
f 1536/146/10 1534/143/10 1573/145/10 1512/147/10
f 1535/142/10 1537/141/10 1513/148/10 1572/144/10
f 1541/141/10 1539/142/10 1538/149/10 1540/150/10
f 1534/143/18 1536/146/18 1540/150/18 1538/149/18
f 1535/142/7 1534/143/7 1538/149/7 1539/142/7
f 1536/146/4 1537/141/4 1541/141/4 1540/150/4
f 1545/141/18 1549/141/18 1547/142/18 1543/142/18
f 1542/143/10 1573/145/10 1567/144/10 1543/142/10
f 1545/141/10 1505/148/10 1512/147/10 1544/146/10
f 1544/146/10 1512/147/10 1573/145/10 1542/143/10
f 1543/142/10 1567/144/10 1505/148/10 1545/141/10
f 1549/141/10 1548/150/10 1546/149/10 1547/142/10
f 1542/143/6 1546/149/6 1548/150/6 1544/146/6
f 1543/142/7 1547/142/7 1546/149/7 1542/143/7
f 1544/146/4 1548/150/4 1549/141/4 1545/141/4
f 1553/141/18 1557/141/18 1555/142/18 1551/142/18
f 1550/143/10 1581/145/10 1572/144/10 1551/142/10
f 1553/141/10 1513/148/10 1520/147/10 1552/146/10
f 1552/146/10 1520/147/10 1581/145/10 1550/143/10
f 1551/142/10 1572/144/10 1513/148/10 1553/141/10
f 1557/141/10 1556/150/10 1554/149/10 1555/142/10
f 1550/143/6 1554/149/6 1556/150/6 1552/146/6
f 1551/142/7 1555/142/7 1554/149/7 1550/143/7
f 1552/146/4 1556/150/4 1557/141/4 1553/141/4
f 1561/141/18 1565/141/18 1563/142/18 1559/142/18
f 1558/143/10 1587/145/10 1580/144/10 1559/142/10
f 1561/141/10 1521/148/10 1525/147/10 1560/146/10
f 1560/146/10 1525/147/10 1587/145/10 1558/143/10
f 1559/142/10 1580/144/10 1521/148/10 1561/141/10
f 1565/141/10 1564/150/10 1562/149/10 1563/142/10
f 1558/143/6 1562/149/6 1564/150/6 1560/146/6
f 1559/142/7 1563/142/7 1562/149/7 1558/143/7
f 1560/146/4 1564/150/4 1565/141/4 1561/141/4
f 1502/11/4 1566/12/4 1571/13/4 1501/14/4
f 1571/13/23 1566/12/23 1568/15/23 1575/16/23
f 1575/17/10 1568/18/10 1569/19/10 1577/20/10
f 1567/21/7 1573/22/7 1577/23/7 1569/24/7
f 1500/11/4 1501/14/4 1571/13/4 1570/12/4
f 1571/13/23 1575/16/23 1574/15/23 1570/12/23
f 1575/17/10 1577/20/10 1576/19/10 1574/18/10
f 1572/21/7 1576/24/7 1577/23/7 1573/22/7
f 1500/11/4 1570/12/4 1579/13/4 1499/14/4
f 1579/13/23 1570/12/23 1574/15/23 1583/16/23
f 1583/17/10 1574/18/10 1576/19/10 1585/20/10
f 1572/21/7 1581/22/7 1585/23/7 1576/24/7
f 1498/11/4 1499/14/4 1579/13/4 1578/12/4
f 1579/13/23 1583/16/23 1582/15/23 1578/12/23
f 1583/17/10 1585/20/10 1584/19/10 1582/18/10
f 1580/21/7 1584/24/7 1585/23/7 1581/22/7
f 1498/11/4 1578/12/4 1586/13/4 1497/14/4
f 1586/13/23 1578/12/23 1582/15/23 1588/16/23
f 1588/17/10 1582/18/10 1584/19/10 1589/20/10
f 1580/21/7 1587/22/7 1589/23/7 1584/24/7
f 1468/151/10 1591/87/10 1467/90/10
f 1464/93/10 1465/152/10 1590/153/10 1591/91/10
f 886/132/27 887/133/27 1220/135/27
f 373/132/22 372/133/22 1220/135/22
f 886/132/27 1220/135/27 1/10/27
f 372/133/22 1/1/22 1220/135/22
f 1592/29/10 1304/30/10 1299/31/10 1593/32/10
f 1595/45/10 1592/46/10 1593/47/10 1594/48/10
f 1596/29/18 1597/32/18 1121/31/18 1131/30/18
f 1595/45/18 1594/48/18 1597/47/18 1596/46/18
f 1293/21/7 1303/24/7 1607/24/7 1598/21/7
f 1297/15/28 1295/12/28 1600/12/28 1602/15/28
f 1502/119/10 1296/118/10 1601/118/10 1608/119/10
f 1503/15/29 1504/160/29 1610/165/29 1609/15/29
f 1505/148/10 1567/144/10 1613/144/10 1611/148/10
f 1298/19/10 1297/18/10 1602/18/10 1603/19/10
f 1294/36/10 1293/60/10 1598/60/10 1599/36/10
f 1504/160/4 1505/11/4 1611/11/4 1610/165/4
f 1296/21/7 1298/24/7 1603/24/7 1601/21/7
f 1301/12/4 1300/11/4 1604/11/4 1605/12/4
f 1568/15/28 1566/12/28 1612/12/28 1614/15/28
f 1302/15/30 1301/12/30 1605/12/30 1606/15/30
f 1566/12/4 1502/11/4 1608/11/4 1612/12/4
f 1569/19/10 1568/18/10 1614/18/10 1615/19/10
f 1303/19/31 1302/18/31 1606/18/31 1607/19/31
f 1567/21/7 1569/24/7 1615/24/7 1613/21/7
f 1295/12/4 1294/11/4 1599/11/4 1600/12/4
f 1109/60/18 1111/36/18 1599/36/18 1598/60/18
f 1226/11/4 1224/158/4 1610/166/4 1611/11/4
f 1283/12/32 1287/15/32 1614/15/32 1612/12/32
f 1119/24/7 1115/21/7 1601/21/7 1603/24/7
f 1285/144/18 1226/148/18 1611/148/18 1613/144/18
f 1287/18/18 1289/19/18 1615/19/18 1614/18/18
f 1113/12/32 1117/15/32 1602/15/32 1600/12/32
f 1125/12/33 1127/15/33 1606/15/33 1605/12/33
f 1129/24/7 1109/21/7 1598/21/7 1607/24/7
f 1111/11/4 1113/12/4 1600/12/4 1599/11/4
f 1289/24/7 1285/21/7 1613/21/7 1615/24/7
f 1123/11/4 1125/12/4 1605/12/4 1604/11/4
f 1117/18/18 1119/19/18 1603/19/18 1602/18/18
f 1115/118/18 1197/119/18 1608/119/18 1601/118/18
f 1127/18/34 1129/19/34 1607/19/34 1606/18/34
f 1197/11/4 1283/12/4 1612/12/4 1608/11/4
f 1300/167/10 1304/168/10 1592/168/10 1595/169/10 1604/167/10
f 1616/170/18 1617/171/18 1596/172/18 1131/173/18 1123/174/18
f 1503/122/10 1618/125/10 1506/124/10 1508/123/10
f 1609/122/35 1220/125/35 1618/124/35 1503/123/35
f 1222/122/18 1221/123/18 1219/124/18 1619/125/18
f 1609/122/18 1222/123/18 1619/124/18 1220/125/18
f 995/80/10 285/83/10 283/82/10 997/81/10
f 1620/80/10 284/86/10 285/82/10 1009/81/10 1016/85/10
f 995/84/10 1009/81/10 285/82/10
f 1001/80/10 283/83/10 325/82/10 1202/81/10
f 1621/84/10 1209/81/10 379/82/10
f 1621/80/10 379/131/10 380/130/10
f 1270/80/10 325/83/10 379/82/10 1209/81/10
f 1270/84/10 1202/81/10 325/82/10
f 1001/84/10 997/81/10 283/82/10
f 1203/126/10 1621/175/10 380/128/10 378/127/10
f 1203/176/10 1205/177/10 1207/178/10 1621/179/10
f 1209/180/10 1621/179/10 1207/178/10
f 1274/176/10 1272/177/10 1268/178/10 1270/179/10
f 1202/180/10 1270/179/10 1268/178/10
f 1005/176/10 1003/177/10 999/178/10 1001/179/10
f 997/180/10 1001/179/10 999/178/10
f 1622/176/10 1013/177/10 1011/178/10 995/179/10
f 1009/180/10 995/179/10 1011/178/10
f 879/126/18 1627/175/18 1625/128/18 892/127/18
f 879/176/18 881/177/18 883/178/18 1627/179/18
f 885/180/18 1627/179/18 883/178/18
f 990/176/18 988/177/18 984/178/18 986/179/18
f 843/180/18 986/179/18 984/178/18
f 736/176/18 734/177/18 730/178/18 732/179/18
f 728/180/18 732/179/18 730/178/18
f 1628/176/18 743/177/18 741/178/18 726/179/18
f 739/180/18 726/179/18 741/178/18
f 748/45/8 708/46/8 713/47/8 1629/48/8
f 748/45/8 1629/48/8 754/47/8 749/46/8
l 261 262
l 782 783
