# Blender 5.1.1
# www.blender.org
mtllib PBP1_Corner3_2sided_2.mtl
o PBP1_Corner3_2sided_2
v 4.172071 9.380954 4.184821
v 5.951100 -3.360787 7.679859
v 5.951100 -0.199964 7.679859
v 5.951100 -0.199964 7.837177
v 5.951100 -0.011593 7.679859
v 5.951100 -0.095572 7.926436
v 5.951100 -0.011593 7.926436
v 5.951100 -6.709981 7.679859
v 5.951100 -3.549158 7.679859
v 5.951100 -3.549158 7.837177
v 5.951100 -3.444766 7.926436
v 5.951100 -3.360787 7.937505
v 5.951100 -5.930904 7.679859
v 4.239734 -5.930904 7.679859
v 4.239734 -4.113461 7.679859
v 5.235664 -4.113461 7.679859
v 5.235664 -5.930904 7.679859
v 5.235664 -6.709981 7.679859
v 4.239734 -6.709981 7.679859
v 4.239734 -5.930904 7.515454
v 4.239734 -4.113461 7.515454
v 5.235664 -4.113461 7.515453
v 5.235664 -5.930904 7.515453
v -2.974854 -0.850696 0.835033
v -2.050704 -0.850696 0.835033
v -7.828469 -2.646656 0.689767
v -6.904318 -2.646656 0.689767
v -7.828469 -0.850696 0.689767
v -6.904318 -0.850696 0.689767
v -7.828469 -2.646656 0.835036
v -6.904318 -2.646656 0.835036
v 1.097489 -3.360787 7.679861
v 3.524294 -3.360787 7.679859
v 1.097489 -0.199964 7.679861
v 3.524294 -0.199964 7.679859
v 1.097489 -0.199964 7.837178
v 3.524294 -0.199964 7.837177
v 1.097489 -0.011593 7.679861
v 3.524294 -0.011593 7.679859
v 1.097489 -0.095572 7.926438
v 3.524294 -0.095572 7.926437
v 1.097489 -0.011593 7.926438
v 3.524294 -0.011593 7.926437
v 1.097489 -6.709981 7.679861
v 3.524294 -6.709981 7.679859
v 1.097489 -3.549158 7.679861
v 3.524294 -3.549158 7.679859
v 1.097489 -3.549158 7.837178
v 3.524294 -3.549158 7.837177
v 1.097489 -3.444766 7.926438
v 3.524294 -3.444766 7.926437
v 1.097489 -3.360787 7.937507
v 3.524294 -3.360787 7.937505
v 1.097489 -5.930904 7.679861
v 3.524294 -5.930904 7.679859
v 2.808858 -5.930904 7.679860
v 2.808858 -4.113461 7.679860
v 1.812926 -4.113461 7.679860
v 1.812926 -5.930904 7.679860
v 1.812926 -6.709981 7.679860
v 2.808858 -6.709981 7.679860
v 2.808858 -5.930904 7.515454
v 2.808858 -4.113461 7.515454
v 1.812926 -4.113461 7.515455
v 1.812926 -5.930904 7.515455
v -7.828469 -0.850696 0.835036
v -6.904318 -0.850696 0.835036
v -12.682075 -2.646656 0.689767
v -11.757925 -2.646656 0.689767
v -12.682075 -0.850696 0.689767
v -11.757925 -0.850696 0.689767
v -12.682075 -2.646656 0.835035
v -11.757925 -2.646656 0.835035
v -0.613879 -5.930904 7.679860
v -0.613879 -4.113461 7.679860
v 0.382051 -4.113461 7.679861
v 0.382051 -5.930904 7.679861
v 0.382051 -6.709981 7.679861
v -0.613879 -6.709981 7.679860
v -0.613879 -5.930904 7.515455
v -0.613879 -4.113461 7.515455
v 0.382051 -4.113461 7.515455
v 0.382051 -5.930904 7.515455
v -12.682075 -0.850696 0.835035
v -11.757925 -0.850696 0.835035
v -9.371731 -2.646656 0.689773
v -10.295879 -2.646656 0.689773
v -9.371731 -0.850696 0.689773
v -10.295879 -0.850696 0.689773
v -9.371731 -2.646656 0.835041
v -10.295879 -2.646656 0.835041
v -3.756125 -3.360787 7.679862
v -1.329319 -3.360787 7.679861
v -3.756125 -0.199964 7.679862
v -1.329319 -0.199964 7.679861
v -3.756125 -0.199964 7.837180
v -1.329319 -0.199964 7.837179
v -3.756125 -0.011593 7.679862
v -1.329317 -0.011593 7.679861
v -3.756125 -0.095572 7.926440
v -1.329319 -0.095572 7.926438
v -3.756125 -0.011593 7.926440
v -1.329317 -0.011593 7.926438
v -3.756125 -6.709981 7.679862
v -1.329319 -6.709981 7.679861
v -3.756125 -3.549158 7.679862
v -1.329319 -3.549158 7.679861
v -3.756125 -3.549158 7.837180
v -1.329319 -3.549158 7.837179
v -3.756125 -3.444766 7.926440
v -1.329319 -3.444766 7.926438
v -3.756125 -3.360787 7.937509
v -1.329317 -3.360787 7.937507
v -3.756125 -5.930904 7.679862
v -1.329319 -5.930904 7.679861
v -1.534420 -5.930904 7.679861
v -1.534420 -4.113461 7.679861
v -3.551024 -4.113461 7.679862
v -3.551024 -5.930904 7.679862
v -3.551024 -6.709981 7.679862
v -1.534420 -6.709981 7.679861
v -9.371731 -0.850696 0.835041
v -10.295879 -0.850696 0.835041
v -4.518113 -2.646656 0.689773
v -5.442263 -2.646656 0.689773
v -4.518113 -0.850696 0.689773
v -5.442263 -0.850696 0.689773
v -4.518113 -2.646656 0.835042
v -5.442262 -2.646656 0.835042
v -5.467493 -5.930904 7.679862
v -5.467493 -4.113461 7.679862
v -4.471561 -4.113461 7.679862
v -4.471561 -5.930904 7.679862
v -4.471563 -6.709981 7.679862
v -5.467493 -6.709981 7.679862
v -5.467493 -5.930904 7.515457
v -5.467493 -4.113461 7.515457
v -4.471561 -4.113461 7.515457
v -4.471561 -5.930904 7.515457
v -4.518113 -0.850696 0.835042
v -5.442262 -0.850696 0.835042
v -8.609738 -3.360787 7.679864
v -6.182933 -3.360787 7.679862
v -8.609738 -0.199964 7.679864
v -6.182933 -0.199964 7.679862
v -8.609738 -0.199964 7.837182
v -6.182933 -0.199964 7.837180
v -8.609738 -0.011593 7.679864
v -6.182933 -0.011593 7.679862
v -8.609738 -0.095572 7.926442
v -6.182933 -0.095572 7.926440
v -8.609738 -0.011593 7.926442
v -6.182933 -0.011593 7.926440
v -8.609738 -6.709981 7.679864
v -6.182933 -6.709981 7.679862
v -8.609738 -3.549158 7.679864
v -6.182933 -3.549158 7.679862
v -8.609738 -3.549158 7.837182
v -6.182933 -3.549158 7.837180
v -8.609738 -3.444766 7.926442
v -6.182933 -3.444766 7.926440
v -8.609738 -3.360787 7.937510
v -6.182933 -3.360787 7.937508
v -8.609738 -5.930904 7.679864
v -6.182933 -5.930904 7.679862
v -6.898369 -5.930904 7.679863
v -6.898369 -4.113461 7.679863
v -7.894299 -4.113461 7.679863
v -7.894299 -5.930904 7.679863
v -7.894299 -6.709981 7.679863
v -6.898369 -6.709981 7.679863
v -6.898369 -5.930904 7.515458
v -6.898369 -4.113461 7.515458
v -7.894299 -4.113461 7.515458
v -7.894299 -5.930904 7.515458
v -10.321108 -5.930904 7.679863
v -10.321108 -4.113461 7.679863
v -9.325174 -4.113461 7.679863
v -9.325174 -5.930904 7.679863
v -9.325174 -6.709981 7.679863
v -10.321108 -6.709981 7.679863
v -10.321108 -5.930904 7.515459
v -10.321108 -4.113461 7.515459
v -9.325174 -4.113461 7.515458
v -9.325174 -5.930904 7.515458
v 7.667110 -2.646654 -11.795424
v 7.667109 -2.646654 -12.719571
v 7.667110 -0.850695 -11.795424
v 7.667109 -0.850695 -12.719571
v 7.521842 -2.646654 -11.795424
v 7.521841 -2.646654 -12.719571
v 7.521842 -0.850695 -11.795424
v 7.521841 -0.850695 -12.719571
v -13.459286 -3.360788 7.679865
v -11.036548 -3.360787 7.679864
v -13.459286 -0.199964 7.679865
v -11.036548 -0.199964 7.679864
v -13.459286 -0.199964 7.837183
v -11.036548 -0.199964 7.837182
v -13.459286 -0.011593 7.679865
v -11.036548 -0.011593 7.679864
v -13.459286 -0.095572 7.926444
v -11.036548 -0.095572 7.926442
v -13.459286 -0.011593 7.926444
v -11.036548 -0.011593 7.926442
v -13.459286 -6.709982 7.679865
v -11.036548 -6.709981 7.679864
v -13.459286 -3.549158 7.679865
v -11.036548 -3.549158 7.679864
v -13.459286 -3.549158 7.837183
v -11.036548 -3.549158 7.837182
v -13.459286 -3.444766 7.926444
v -11.036548 -3.444766 7.926442
v -13.459286 -3.360788 7.937512
v -11.036548 -3.360787 7.937510
v -13.459286 -5.930905 7.679865
v -11.036548 -5.930904 7.679864
v -11.751984 -5.930904 7.679864
v -11.751984 -4.113461 7.679864
v -12.747913 -4.113461 7.679865
v -12.747913 -5.930904 7.679865
v -12.747913 -6.709981 7.679865
v -11.751984 -6.709981 7.679864
v -11.751984 -5.930904 7.515459
v -11.751984 -4.113461 7.515459
v -12.747913 -4.113461 7.515460
v -12.747913 -5.930904 7.515460
v 7.667114 -2.646654 -6.941816
v 7.667114 -2.646654 -7.865967
v 7.667114 -0.850695 -6.941816
v 7.667114 -0.850695 -7.865967
v 7.521845 -2.646654 -6.941816
v 7.521845 -2.646654 -7.865967
v 7.521845 -0.850695 -6.941816
v 7.521845 -0.850695 -7.865967
v -9.340760 2.498498 7.534590
v -10.264910 2.498498 7.534590
v -9.340760 0.702540 7.534590
v -10.264910 0.702540 7.534590
v -9.340760 2.498498 7.679859
v -10.264910 2.498498 7.679859
v -9.340760 0.702540 7.679859
v -10.264910 0.702540 7.679859
v -4.487155 2.498498 7.534587
v -5.411304 2.498498 7.534587
v -4.487155 0.702540 7.534587
v 5.951108 -0.199964 7.597959
v 5.951108 -0.011593 7.597959
v -5.411304 0.702540 7.534587
v -4.487155 2.498498 7.679855
v -1.534420 -5.930904 7.498660
v -1.534420 -4.113461 7.498660
v -3.551024 -4.113461 7.498661
v -3.551024 -5.930904 7.498661
v -3.551024 -6.709981 7.498661
v -1.534420 -6.709981 7.498660
v -5.411304 2.498498 7.679856
v -4.487155 0.702540 7.679855
v -5.411304 0.702540 7.679856
v 0.366463 2.498498 7.534587
v -0.557687 2.498498 7.534587
v 0.366463 0.702540 7.534587
v -0.557687 0.702540 7.534587
v 0.366463 2.498498 7.679856
v -0.557687 2.498498 7.679855
v 0.366463 0.702540 7.679856
v -0.557687 0.702540 7.679855
v 5.220066 2.498498 7.534584
v -13.459287 -0.199964 4.184814
v -13.459287 -6.709984 4.184814
v -13.459287 -3.549160 4.184814
v 4.295917 2.498498 7.534584
v 5.220066 0.702540 7.534584
v 4.295917 0.702540 7.534584
v 5.220066 2.498498 7.679852
v 4.295917 2.498498 7.679852
v 5.220066 0.702540 7.679852
v 4.295917 0.702540 7.679852
v 1.828507 2.498498 7.534593
v 2.752656 2.498498 7.534593
v 1.828507 0.702540 7.534593
v 2.752656 0.702540 7.534593
v 1.828507 2.498498 7.679862
v 2.752656 2.498498 7.679861
v 1.828507 0.702540 7.679862
v 2.752656 0.702540 7.679861
v -3.025099 2.498498 7.534593
v -2.100948 2.498498 7.534593
v -3.025099 0.702540 7.534593
v -2.100948 0.702540 7.534593
v -3.025099 2.498498 7.679862
v -2.100948 2.498498 7.679861
v -3.025099 0.702540 7.679862
v -2.100948 0.702540 7.679861
v -7.878713 2.498498 7.534596
v -6.954563 2.498498 7.534596
v -7.878713 0.702540 7.534596
v -6.954563 0.702540 7.534596
v -7.878713 2.498498 7.679864
v -6.954563 2.498498 7.679864
v -7.878713 0.702540 7.679864
v -6.954563 0.702540 7.679864
v -12.732320 2.498498 7.534596
v -11.808170 2.498498 7.534596
v -12.732320 0.702540 7.534596
v -11.808170 0.702540 7.534596
v -12.732320 2.498498 7.679865
v -11.808170 2.498498 7.679864
v -12.732320 0.702540 7.679865
v -11.808170 0.702540 7.679864
v -13.459287 3.149231 4.184814
v -13.459286 3.149231 7.679865
v -11.036548 3.149231 7.679864
v -8.609738 3.149231 7.679864
v -6.182933 3.149231 7.679862
v -3.756125 3.149231 7.679862
v -1.329319 3.149231 7.679861
v 1.097489 3.149231 7.679861
v 3.524294 3.149231 7.679859
v 5.951100 3.149231 7.679859
v 5.951100 6.686795 7.926436
v 5.951100 6.602816 7.926436
v 5.951100 6.498425 7.837177
v 5.951100 6.498425 7.679859
v 3.524294 6.686795 7.926437
v 1.097489 6.686795 7.926438
v 3.524294 6.602816 7.926437
v 1.097489 6.602816 7.926438
v 3.524294 6.498425 7.837177
v 1.097489 6.498425 7.837178
v 3.524294 6.498425 7.679859
v 1.097489 6.498425 7.679861
v -1.329317 6.686795 7.926438
v -3.756125 6.686795 7.926440
v -1.329319 6.602816 7.926438
v -3.756125 6.602816 7.926440
v -1.329319 6.498425 7.837179
v -3.756125 6.498425 7.837180
v -1.329319 6.498425 7.679861
v -3.756125 6.498425 7.679862
v -6.182933 6.686795 7.926440
v -8.609738 6.686795 7.926442
v -6.182933 6.602816 7.926440
v -8.609738 6.602816 7.926442
v -6.182933 6.498425 7.837180
v -8.609738 6.498425 7.837182
v -6.182933 6.498425 7.679862
v -8.609738 6.498425 7.679864
v -11.036548 6.686795 7.926442
v -13.459286 6.686796 7.926444
v -11.036548 6.602816 7.926442
v -13.459286 6.602817 7.926444
v -13.459286 6.686796 7.679865
v -11.036548 6.498425 7.837182
v -13.459286 6.498425 7.837183
v -11.036548 6.498425 7.679864
v -13.459286 6.498425 7.679865
v 1.102312 9.380953 4.184814
v -1.324498 9.380953 4.184814
v -3.751304 9.380953 4.184814
v -6.178109 9.380953 4.184814
v -8.604919 9.380953 4.184814
v -11.031729 9.380953 4.184815
v -13.459287 9.380954 4.184814
v -13.459287 6.498425 4.184814
v -13.459287 9.160526 4.184814
v -11.808170 4.051734 7.679864
v -12.732320 4.051734 7.679865
v -11.808170 5.847692 7.679864
v -12.732320 5.847692 7.679865
v -11.808170 4.051734 7.534596
v -12.732320 4.051734 7.534596
v -11.808170 5.847692 7.534596
v -12.732320 5.847692 7.534596
v -6.954563 4.051734 7.679864
v -7.878713 4.051734 7.679864
v -6.954563 5.847692 7.679864
v -7.878713 5.847692 7.679864
v -6.954563 4.051734 7.534596
v -7.878713 4.051734 7.534596
v -6.954563 5.847692 7.534596
v -7.878713 5.847692 7.534596
v -2.100948 4.051734 7.679861
v -3.025099 4.051734 7.679862
v -2.100948 5.847692 7.679861
v -3.025099 5.847692 7.679862
v -2.100948 4.051734 7.534593
v -3.025099 4.051734 7.534593
v -2.100948 5.847692 7.534593
v -3.025099 5.847692 7.534593
v 2.752656 4.051734 7.679861
v 1.828507 4.051734 7.679862
v 2.752656 5.847692 7.679861
v 1.828507 5.847692 7.679862
v 2.752656 4.051734 7.534593
v 1.828507 4.051734 7.534593
v 2.752656 5.847692 7.534593
v 1.828507 5.847692 7.534593
v 4.295917 4.051734 7.679852
v 5.220066 4.051734 7.679852
v 4.295917 5.847692 7.679852
v 5.220066 5.847692 7.679852
v 4.295917 4.051734 7.534584
v 5.220066 4.051734 7.534584
v 4.295917 5.847692 7.534584
v 5.220066 5.847692 7.534584
v -0.557687 4.051734 7.679855
v 0.366463 4.051734 7.679856
v -0.557687 5.847692 7.679855
v 0.366463 5.847692 7.679856
v -0.557687 4.051734 7.534587
v 0.366463 4.051734 7.534587
v -0.557687 5.847692 7.534587
v 0.366463 5.847692 7.534587
v -5.411304 4.051734 7.679856
v -4.487155 4.051734 7.679855
v -5.411304 5.847692 7.679856
v -4.487155 5.847692 7.679855
v -5.411304 4.051734 7.534587
v -4.487155 4.051734 7.534587
v -5.411304 5.847692 7.534587
v -4.487155 5.847692 7.534587
v -10.264910 4.051734 7.679859
v -9.340760 4.051734 7.679859
v -10.264910 5.847692 7.679859
v -9.340760 5.847692 7.679859
v -10.264910 4.051734 7.534590
v -9.340760 4.051734 7.534590
v -10.264910 5.847692 7.534590
v -9.340760 5.847692 7.534590
v 5.951100 3.149230 7.837177
v 5.951100 3.337601 7.679859
v 5.951100 3.253622 7.926436
v 5.951100 3.337601 7.926436
v 1.097489 3.149230 7.837178
v 3.524294 3.149230 7.837177
v 1.097489 3.337601 7.679861
v 3.524294 3.337601 7.679859
v 1.097489 3.253622 7.926438
v 3.524294 3.253622 7.926437
v 1.097489 3.337601 7.926438
v 3.524294 3.337601 7.926437
v -3.756125 3.149230 7.837180
v -1.329319 3.149230 7.837179
v -3.756125 3.337601 7.679862
v -1.329317 3.337601 7.679861
v -3.756125 3.253622 7.926440
v -1.329319 3.253622 7.926438
v -3.756125 3.337601 7.926440
v -1.329317 3.337601 7.926438
v -8.609738 3.149230 7.837182
v -6.182933 3.149230 7.837180
v -8.609738 3.337601 7.679864
v -6.182933 3.337601 7.679862
v -8.609738 3.253622 7.926442
v -6.182933 3.253622 7.926440
v -8.609738 3.337601 7.926442
v -6.182933 3.337601 7.926440
v -13.459286 3.149230 7.837183
v -11.036548 3.149230 7.837182
v -13.459286 3.337601 7.679865
v -11.036548 3.337601 7.679864
v -13.459286 3.253622 7.926444
v -11.036548 3.253622 7.926442
v -13.459286 3.337601 7.926444
v -11.036548 3.337601 7.926442
v -2.542720 -4.113461 7.498661
v -2.542720 -6.709981 7.498661
v 6.468012 4.051734 7.162951
v 7.121486 4.051734 6.509479
v 7.667116 6.498426 5.963847
v 7.667116 3.149231 5.963847
v 7.121486 0.702540 6.509479
v 6.468012 0.702540 7.162951
v 7.121486 2.498499 6.509479
v 6.468012 2.498499 7.162951
v 7.018764 0.702540 6.406758
v 6.365295 0.702540 7.060231
v 7.018764 2.498499 6.406758
v 6.365295 2.498499 7.060231
v 7.667113 -2.646654 -2.088202
v 7.667113 -2.646654 -3.012352
v 7.667113 -0.850695 -2.088202
v 7.667113 -0.850695 -3.012352
v 7.521845 -2.646654 -2.088202
v 7.521846 -2.646654 -3.012352
v 7.521845 -0.850695 -2.088202
v 7.521846 -0.850695 -3.012352
v 6.340744 -5.930905 7.057716
v 6.340744 -4.113462 7.057716
v 7.044973 -4.113462 6.353485
v 7.044973 -5.930905 6.353485
v 7.161224 -6.709982 6.469737
v 6.456995 -6.709982 7.173968
v 6.456995 -5.930905 7.173968
v 6.456995 -4.113462 7.173968
v 7.161224 -4.113462 6.469737
v 7.161224 -5.930905 6.469737
v 7.667116 -5.930905 5.963847
v 7.667116 -3.549158 5.963847
v 7.667116 -6.709982 5.963847
v 7.667116 -0.011593 5.963847
v 7.667116 -0.199964 5.963847
v 7.667116 -3.360788 5.963847
v 7.121486 5.847693 6.509479
v 6.468012 5.847693 7.162951
v 7.018764 4.051734 6.406758
v 6.365295 4.051734 7.060231
v 7.018764 5.847693 6.406758
v 6.365295 5.847693 7.060231
v 7.667116 3.337602 5.963847
v 7.824436 -0.199963 5.963848
v 7.913695 -0.095571 5.963848
v 7.913695 -0.011593 5.963848
v 7.824436 -3.549157 5.963848
v 7.913695 -3.444765 5.963848
v 7.924764 -3.360787 5.963848
v 7.667115 -5.930904 4.252481
v 7.667115 -4.113461 4.252481
v 7.667118 -4.113461 5.248411
v 7.667118 -5.930904 5.248411
v 7.667118 -6.709981 5.248411
v 7.667115 -6.709981 4.252481
v 7.502712 -5.930904 4.252481
v 7.502712 -4.113461 4.252481
v 7.502712 -4.113461 5.248411
v 7.502712 -5.930904 5.248411
v 7.667117 -2.646654 2.765403
v 7.667117 -2.646654 1.841253
v 7.667117 -0.850695 2.765403
v 7.667117 -0.850695 1.841253
v 7.521848 -2.646654 2.765403
v 7.521850 -2.646654 1.841253
v 7.521848 -0.850695 2.765403
v 7.521850 -0.850695 1.841253
v 7.667117 -3.360787 1.110236
v 7.667115 -3.360787 3.537041
v 7.667117 -0.199963 1.110236
v 7.667115 -0.199963 3.537041
v 7.824434 -0.199963 1.110236
v 7.824435 -0.199963 3.537041
v 7.667117 -0.011593 1.110236
v 7.667115 -0.011593 3.537041
v 7.913693 -0.095571 1.110236
v 7.913694 -0.095571 3.537041
v 7.913693 -0.011593 1.110236
v 7.913694 -0.011593 3.537041
v 7.667117 -6.709981 1.110236
v 7.667115 -6.709981 3.537041
v 7.667117 -3.549157 1.110236
v 7.667115 -3.549157 3.537041
v 7.824434 -3.549157 1.110236
v 7.824435 -3.549157 3.537041
v 7.913693 -3.444765 1.110236
v 7.913694 -3.444765 3.537041
v 7.924763 -3.360787 1.110236
v 7.924761 -3.360787 3.537041
v 7.667117 -5.930904 1.110236
v 7.667115 -5.930904 3.537041
v 7.667115 -5.930904 2.821605
v 7.667115 -4.113461 2.821605
v 7.667117 -4.113461 1.825672
v 7.667117 -5.930904 1.825672
v 7.667117 -6.709981 1.825672
v 7.667115 -6.709981 2.821605
v 7.502711 -5.930904 2.821605
v 7.502711 -4.113461 2.821605
v 7.502711 -4.113461 1.825672
v 7.502711 -5.930904 1.825672
v 7.667109 -2.646654 4.308665
v 7.667110 -2.646654 5.232813
v 7.667109 -0.850695 4.308665
v 7.667110 -0.850695 5.232813
v 7.521841 -2.646654 4.308665
v 7.521842 -2.646654 5.232813
v 7.521841 -0.850695 4.308665
v 7.521842 -0.850695 5.232813
v 7.667114 -5.930904 -0.601134
v 7.667114 -4.113461 -0.601134
v 7.667114 -4.113461 0.394798
v 7.667114 -5.930904 0.394798
v 7.667114 -6.709981 0.394797
v 7.667114 -6.709981 -0.601134
v 7.502708 -5.930904 -0.601134
v 7.502708 -4.113461 -0.601134
v 7.502710 -4.113461 0.394798
v 7.502710 -5.930904 0.394798
v 7.667110 -2.646654 -0.544941
v 7.667110 -2.646654 0.379209
v 7.667110 -0.850695 -0.544941
v 7.667110 -0.850695 0.379209
v 7.521842 -2.646654 -0.544941
v 7.521842 -2.646654 0.379209
v 7.521842 -0.850695 -0.544941
v 7.521842 -0.850695 0.379209
v 7.667115 -3.360787 -3.743378
v 7.667113 -3.360787 -1.316573
v 7.667115 -0.199963 -3.743378
v 7.667113 -0.199963 -1.316573
v 7.824432 -0.199963 -3.743379
v 7.824433 -0.199963 -1.316573
v 7.667115 -0.011593 -3.743378
v 7.667113 -0.011593 -1.316571
v 7.913692 -0.095571 -3.743379
v 7.913692 -0.095571 -1.316573
v 7.913692 -0.011593 -3.743379
v 7.913692 -0.011593 -1.316571
v 7.667115 -6.709981 -3.743378
v 7.667113 -6.709981 -1.316573
v 7.667115 -3.549157 -3.743378
v 7.667113 -3.549157 -1.316573
v 7.824432 -3.549157 -3.743379
v 7.824433 -3.549157 -1.316573
v 7.913692 -3.444765 -3.743379
v 7.913692 -3.444765 -1.316573
v 7.924761 -3.360787 -3.743379
v 7.924760 -3.360787 -1.316571
v 7.667115 -5.930904 -3.743378
v 7.667113 -5.930904 -1.316573
v 7.667113 -5.930904 -1.521672
v 7.667113 -4.113461 -1.521672
v 7.667113 -4.113461 -3.538277
v 7.667113 -5.930904 -3.538277
v 7.667113 -6.709981 -3.538277
v 7.667113 -6.709981 -1.521672
v 7.667106 -2.646654 -5.398558
v 7.667107 -2.646654 -4.474407
v 7.667106 -0.850695 -5.398558
v 7.667107 -0.850695 -4.474407
v 7.521838 -2.646654 -5.398558
v 7.521838 -2.646654 -4.474407
v 7.521838 -0.850695 -5.398558
v 7.521838 -0.850695 -4.474407
v 7.667112 -5.930904 -5.454747
v 7.667112 -4.113461 -5.454747
v 7.667112 -4.113461 -4.458814
v 7.667112 -5.930904 -4.458814
v 7.667112 -6.709981 -4.458816
v 7.667112 -6.709981 -5.454747
v 7.502707 -5.930904 -5.454747
v 7.502707 -4.113461 -5.454747
v 7.502709 -4.113461 -4.458814
v 7.502709 -5.930904 -4.458814
v 7.667107 -2.646654 -10.252161
v 7.667107 -2.646654 -9.328012
v 7.667107 -0.850695 -10.252161
v 7.667107 -0.850695 -9.328012
v 7.521838 -2.646654 -10.252161
v 7.521839 -2.646654 -9.328012
v 7.667111 -3.360787 -8.596991
v 7.667112 -3.360787 -6.170186
v 7.667111 -0.199963 -8.596991
v 7.667112 -0.199963 -6.170186
v 7.824431 -0.199963 -8.596991
v 7.824430 -0.199963 -6.170183
v 7.667111 -0.011593 -8.596991
v 7.667112 -0.011593 -6.170186
v 7.913690 -0.095571 -8.596991
v 7.913691 -0.095571 -6.170186
v 7.913690 -0.011593 -8.596991
v 7.913691 -0.011593 -6.170186
v 7.667111 -6.709981 -8.596991
v 7.667112 -6.709981 -6.170186
v 7.667111 -3.549157 -8.596991
v 7.667112 -3.549157 -6.170186
v 7.824431 -3.549157 -8.596991
v 7.824430 -3.549157 -6.170183
v 7.913690 -3.444765 -8.596991
v 7.913691 -3.444765 -6.170186
v 7.924757 -3.360787 -8.596991
v 7.924758 -3.360787 -6.170186
v 7.667111 -5.930904 -8.596991
v 7.667112 -5.930904 -6.170186
v 7.667111 -5.930904 -6.885621
v 7.667111 -4.113461 -6.885621
v 7.667111 -4.113461 -7.881552
v 7.667111 -5.930904 -7.881552
v 7.667111 -6.709981 -7.881552
v 7.667111 -6.709981 -6.885621
v 7.502706 -5.930904 -6.885621
v 7.502706 -4.113461 -6.885621
v 7.502708 -4.113461 -7.881552
v 7.502708 -5.930904 -7.881552
v 7.521838 -0.850695 -10.252161
v 7.521839 -0.850695 -9.328012
v 7.667110 -5.930904 -10.308361
v 7.667110 -4.113461 -10.308361
v 7.667111 -4.113461 -9.312428
v 7.667111 -5.930904 -9.312428
v 7.667111 -6.709981 -9.312428
v 7.667110 -6.709981 -10.308361
v 7.502705 -5.930904 -10.308361
v 7.502705 -4.113461 -10.308361
v 7.502706 -4.113461 -9.312428
v 7.502706 -5.930904 -9.312428
v 6.365295 -0.850695 7.060231
v 7.018764 -0.850695 6.406758
v 6.365295 -2.646654 7.060231
v 7.018764 -2.646654 6.406758
v 6.468012 -0.850695 7.162951
v 7.667109 -3.360787 -13.450035
v 7.667110 -3.360787 -11.023799
v 7.667109 -0.199963 -13.450035
v 7.667110 -0.199963 -11.023799
v 7.824430 -0.199963 -13.450035
v 7.824428 -0.199963 -11.023799
v 7.667109 -0.011593 -13.450035
v 7.667110 -0.011593 -11.023799
v 7.913689 -0.095572 -13.450035
v 7.913689 -0.095571 -11.023799
v 7.913689 -0.011593 -13.450035
v 7.913689 -0.011593 -11.023799
v 7.667109 -6.709982 -13.450035
v 7.667109 -3.549158 -13.450035
v 7.667110 -3.549157 -11.023799
v 7.824430 -3.549158 -13.450035
v 7.824428 -3.549157 -11.023799
v 7.913689 -3.444766 -13.450035
v 7.913689 -3.444765 -11.023799
v 7.924757 -3.360787 -13.450035
v 7.924757 -3.360787 -11.023799
v 7.667109 -5.930905 -13.450035
v 7.667110 -5.930904 -11.023799
v 7.667110 -5.930904 -11.739236
v 7.667110 -4.113461 -11.739236
v 7.667109 -4.113461 -12.735167
v 7.667109 -5.930904 -12.735167
v 7.667109 -6.709981 -12.735167
v 7.667110 -6.709981 -11.739236
v 7.502705 -5.930904 -11.739236
v 7.502705 -4.113461 -11.739236
v 7.502704 -4.113461 -12.735167
v 7.502704 -5.930904 -12.735167
v 7.121486 -0.850695 6.509479
v 6.468012 -2.646654 7.162951
v 7.121486 -2.646654 6.509479
v 7.521839 2.498499 -9.328012
v 7.521838 2.498499 -10.252161
v 7.521839 0.702540 -9.328012
v 7.521838 0.702540 -10.252161
v 7.667107 2.498499 -9.328012
v 7.667107 2.498499 -10.252161
v 7.667107 0.702540 -9.328012
v 7.667107 0.702540 -10.252161
v 4.172070 3.149231 -13.450038
v 4.172070 -3.549160 -13.450038
v 4.172070 -6.709984 -13.450038
v 4.172070 -0.199964 -13.450038
v 7.521838 2.498499 -4.474407
v 7.521838 2.498499 -5.398558
v 7.521838 0.702540 -4.474407
v 7.585217 -0.199963 5.963855
v 7.585217 -0.011593 5.963855
v 7.521838 0.702540 -5.398558
v 7.667107 2.498499 -4.474407
v 7.485914 -5.930904 -1.521671
v 7.485914 -4.113461 -1.521671
v 7.485913 -4.113461 -3.538277
v 7.485913 -5.930904 -3.538277
v 7.485913 -6.709981 -3.538277
v 7.485914 -6.709981 -1.521671
v 7.667106 2.498499 -5.398558
v 7.667107 0.702540 -4.474407
v 7.667106 0.702540 -5.398558
v 7.521842 2.498499 0.379209
v 7.521842 2.498499 -0.544941
v 7.521842 0.702540 0.379209
v 7.521842 0.702540 -0.544941
v 7.667110 2.498499 0.379209
v 7.667110 2.498499 -0.544941
v 7.667110 0.702540 0.379209
v 7.667110 0.702540 -0.544941
v 7.521842 2.498499 5.232813
v 7.521841 2.498499 4.308665
v 7.521842 0.702540 5.232813
v 7.521841 0.702540 4.308665
v 7.667110 2.498499 5.232813
v 7.667109 2.498499 4.308665
v 7.667110 0.702540 5.232813
v 7.667109 0.702540 4.308665
v 7.521850 2.498499 1.841253
v 7.521848 2.498499 2.765403
v 7.521850 0.702540 1.841253
v 7.521848 0.702540 2.765403
v 7.667117 2.498499 1.841253
v 7.667117 2.498499 2.765403
v 7.667117 0.702540 1.841253
v 7.667117 0.702540 2.765403
v 7.521846 2.498499 -3.012352
v 7.521845 2.498499 -2.088202
v 7.521846 0.702540 -3.012352
v 7.521845 0.702540 -2.088202
v 7.667113 2.498499 -3.012352
v 7.667113 2.498499 -2.088202
v 7.667113 0.702540 -3.012352
v 7.667113 0.702540 -2.088202
v 7.521845 2.498499 -7.865967
v 7.521845 2.498499 -6.941816
v 7.521845 0.702540 -7.865967
v 7.521845 0.702540 -6.941816
v 7.667114 2.498499 -7.865967
v 7.667114 2.498499 -6.941816
v 7.667114 0.702540 -7.865967
v 7.667114 0.702540 -6.941816
v 7.521841 2.498499 -12.719571
v 7.521842 2.498499 -11.795424
v 7.521841 0.702540 -12.719571
v 7.521842 0.702540 -11.795424
v 7.667109 2.498499 -12.719571
v 7.667110 2.498499 -11.795424
v 7.667109 0.702540 -12.719571
v 7.667110 0.702540 -11.795424
v 7.667109 3.149231 -13.450035
v 7.667110 3.149231 -11.023799
v 7.667111 3.149231 -8.596991
v 7.667112 3.149231 -6.170186
v 7.667115 3.149231 -3.743378
v 7.667113 3.149231 -1.316573
v 7.667117 3.149231 1.110236
v 7.667115 3.149231 3.537041
v 7.913695 6.686795 5.963848
v 7.913695 6.602816 5.963848
v 7.824436 6.498425 5.963848
v 7.913694 6.686795 3.537041
v 7.913693 6.686795 1.110236
v 7.913694 6.602816 3.537041
v 7.913693 6.602816 1.110236
v 7.824435 6.498425 3.537041
v 7.824434 6.498425 1.110236
v 7.667115 6.498425 3.537041
v 7.667117 6.498425 1.110236
v 7.913692 6.686795 -1.316571
v 7.913692 6.686795 -3.743379
v 7.913692 6.602816 -1.316573
v 7.913692 6.602816 -3.743379
v 7.824433 6.498425 -1.316573
v 7.824432 6.498425 -3.743379
v 7.667113 6.498425 -1.316573
v 7.667115 6.498425 -3.743378
v 7.913691 6.686795 -6.170186
v 7.913690 6.686795 -8.596991
v 7.913691 6.602816 -6.170186
v 7.913690 6.602816 -8.596991
v 7.824430 6.498425 -6.170183
v 7.824431 6.498425 -8.596991
v 7.667112 6.498425 -6.170186
v 7.667111 6.498425 -8.596991
v 7.913689 6.686795 -11.023799
v 7.913689 6.686796 -13.450035
v 7.913689 6.602816 -11.023799
v 7.913689 6.602817 -13.450035
v 7.824428 6.498425 -11.023799
v 7.824430 6.498425 -13.450035
v 7.667110 6.498425 -11.023799
v 7.667109 6.498425 -13.450035
v 4.172070 9.380954 1.115061
v 4.172067 9.380954 -1.311748
v 4.172066 9.380954 -3.738555
v 4.172064 9.380954 -6.165362
v 4.172063 9.380954 -8.592168
v 4.172062 9.380954 -11.018979
v 4.172060 9.380955 -13.450035
v 7.667110 4.051734 -11.795424
v 7.667109 4.051734 -12.719571
v 7.667110 5.847693 -11.795424
v 7.667109 5.847693 -12.719571
v 7.521842 4.051734 -11.795424
v 7.521841 4.051734 -12.719571
v 7.521842 5.847693 -11.795424
v 7.521841 5.847693 -12.719571
v 7.667114 4.051734 -6.941816
v 7.667114 4.051734 -7.865967
v 7.667114 5.847693 -6.941816
v 7.667114 5.847693 -7.865967
v 7.521845 4.051734 -6.941816
v 7.521845 4.051734 -7.865967
v 7.521845 5.847693 -6.941816
v 7.521845 5.847693 -7.865967
v 7.667113 4.051734 -2.088202
v 7.667113 4.051734 -3.012352
v 7.667113 5.847693 -2.088202
v 7.667113 5.847693 -3.012352
v 7.521845 4.051734 -2.088202
v 7.521846 4.051734 -3.012352
v 7.521845 5.847693 -2.088202
v 7.521846 5.847693 -3.012352
v 7.667117 4.051734 2.765403
v 7.667117 4.051734 1.841253
v 7.667117 5.847693 2.765403
v 7.667117 5.847693 1.841253
v 7.521848 4.051734 2.765403
v 7.521850 4.051734 1.841253
v 7.521848 5.847693 2.765403
v 7.521850 5.847693 1.841253
v 7.667109 4.051734 4.308665
v 7.667110 4.051734 5.232813
v 7.667109 5.847693 4.308665
v 7.667110 5.847693 5.232813
v 7.521841 4.051734 4.308665
v 7.521842 4.051734 5.232813
v 7.521841 5.847693 4.308665
v 7.521842 5.847693 5.232813
v 7.667110 4.051734 -0.544941
v 7.667110 4.051734 0.379209
v 7.667110 5.847693 -0.544941
v 7.667110 5.847693 0.379209
v 7.521842 4.051734 -0.544941
v 7.521842 4.051734 0.379209
v 7.521842 5.847693 -0.544941
v 7.521842 5.847693 0.379209
v 7.667106 4.051734 -5.398558
v 7.667107 4.051734 -4.474407
v 7.667106 5.847693 -5.398558
v 7.667107 5.847693 -4.474407
v 7.521838 4.051734 -5.398558
v 7.521838 4.051734 -4.474407
v 7.521838 5.847693 -5.398558
v 7.521838 5.847693 -4.474407
v 7.667107 4.051734 -10.252161
v 7.667107 4.051734 -9.328012
v 7.667107 5.847693 -10.252161
v 7.667107 5.847693 -9.328012
v 7.521838 4.051734 -10.252161
v 7.521839 4.051734 -9.328012
v 7.521838 5.847693 -10.252161
v 7.521839 5.847693 -9.328012
v 7.824436 3.149231 5.963848
v 7.913695 3.253623 5.963848
v 7.913695 3.337602 5.963848
v 7.824434 3.149231 1.110236
v 7.824435 3.149231 3.537041
v 7.667117 3.337602 1.110236
v 7.667115 3.337602 3.537041
v 7.913693 3.253623 1.110236
v 7.913694 3.253623 3.537041
v 7.913693 3.337602 1.110236
v 7.913694 3.337602 3.537041
v 7.824432 3.149231 -3.743379
v 7.824433 3.149231 -1.316573
v 7.667115 3.337602 -3.743378
v 7.667113 3.337602 -1.316571
v 7.913692 3.253623 -3.743379
v 7.913692 3.253623 -1.316573
v 7.913692 3.337602 -3.743379
v 7.913692 3.337602 -1.316571
v 7.824431 3.149231 -8.596991
v 7.824430 3.149231 -6.170183
v 7.667111 3.337602 -8.596991
v 7.667112 3.337602 -6.170186
v 7.913690 3.253623 -8.596991
v 7.913691 3.253623 -6.170186
v 7.913690 3.337602 -8.596991
v 7.913691 3.337602 -6.170186
v 7.824430 3.149231 -13.450035
v 7.824428 3.149231 -11.023799
v 7.667109 3.337602 -13.450035
v 7.667110 3.337602 -11.023799
v 7.913689 3.253623 -13.450035
v 7.913689 3.253623 -11.023799
v 7.913689 3.337602 -13.450035
v 7.913689 3.337602 -11.023799
v 7.485913 -4.113461 -2.529974
v 7.485913 -6.709981 -2.529974
v -11.026907 -3.360789 0.689768
v -13.459287 -3.360789 0.689769
v -11.026907 -0.199965 0.689768
v -13.459287 -0.199965 0.689769
v -11.026907 -0.199965 0.532450
v -13.459287 -0.199965 0.532450
v -11.026907 -0.011594 0.689768
v -13.459287 -0.011594 0.689769
v -11.026907 -0.095573 0.443189
v -13.459287 -0.095573 0.443191
v -11.026907 -0.011594 0.443189
v -13.459287 -0.011594 0.443191
v -11.026907 -6.709983 0.689768
v -13.459287 -6.709984 0.689769
v -11.026907 -3.549159 0.689768
v -13.459287 -3.549160 0.689769
v -11.026907 -3.549159 0.532450
v -13.459287 -3.549160 0.532450
v -11.026907 -3.444767 0.443189
v -13.459287 -3.444767 0.443191
v -11.026907 -3.360789 0.432121
v -11.026907 -5.930906 0.689768
v -13.459287 -5.930907 0.689769
v -12.738277 -5.930906 0.689769
v -12.738277 -4.113463 0.689769
v -11.742345 -4.113463 0.689768
v -11.742345 -5.930906 0.689768
v -11.742345 -6.709983 0.689768
v -12.738277 -6.709983 0.689769
v -12.738277 -5.930906 0.854174
v -12.738277 -4.113463 0.854174
v -11.742345 -4.113463 0.854173
v -11.742345 -5.930906 0.854173
v -11.808170 -2.646654 7.679864
v -12.732320 -2.646654 7.679865
v -9.315537 -5.930906 0.689768
v -9.315537 -4.113463 0.689768
v -10.311468 -4.113463 0.689768
v -10.311468 -5.930906 0.689768
v -10.311468 -6.709983 0.689768
v -9.315537 -6.709983 0.689768
v -9.315537 -5.930906 0.854173
v -9.315537 -4.113463 0.854173
v -10.311468 -4.113463 0.854173
v -10.311468 -5.930906 0.854173
v -11.808170 -0.850696 7.679864
v -12.732320 -0.850696 7.679865
v -11.808170 -2.646654 7.534596
v -12.732320 -2.646654 7.534596
v -11.808170 -0.850696 7.534596
v -12.732320 -0.850696 7.534596
v -6.954563 -2.646654 7.679864
v -7.878713 -2.646654 7.679864
v -6.173292 -3.360789 0.689766
v -8.600099 -3.360789 0.689768
v -6.173292 -0.199965 0.689766
v -8.600099 -0.199965 0.689768
v -6.173292 -0.199965 0.532449
v -8.600099 -0.199965 0.532450
v -6.173292 -0.011594 0.689766
v -8.600101 -0.011594 0.689768
v -6.173292 -0.095573 0.443188
v -8.600099 -0.095573 0.443190
v -6.173292 -0.011594 0.443188
v -8.600101 -0.011594 0.443190
v -6.173292 -6.709983 0.689766
v -8.600099 -6.709983 0.689768
v -6.173292 -3.549159 0.689766
v -8.600099 -3.549159 0.689768
v -6.173292 -3.549159 0.532449
v -8.600099 -3.549159 0.532450
v -6.173292 -3.444767 0.443188
v -8.600099 -3.444767 0.443190
v -6.173292 -3.360789 0.432120
v -8.600101 -3.360789 0.432122
v -6.173292 -5.930906 0.689766
v -8.600099 -5.930906 0.689768
v -8.394999 -5.930906 0.689767
v -8.394999 -4.113462 0.689767
v -6.378393 -4.113462 0.689767
v -6.378393 -5.930906 0.689767
v -6.378393 -6.709983 0.689767
v -8.394999 -6.709983 0.689767
v -6.954563 -0.850696 7.679864
v -7.878713 -0.850696 7.679864
v -6.954563 -2.646654 7.534596
v -7.878713 -2.646654 7.534596
v -6.954563 -0.850696 7.534596
v -7.878713 -0.850696 7.534596
v -2.100948 -2.646654 7.679861
v -3.025099 -2.646654 7.679862
v -4.461925 -5.930906 0.689767
v -4.461925 -4.113463 0.689767
v -5.457856 -4.113463 0.689767
v -5.457856 -5.930906 0.689767
v -5.457854 -6.709983 0.689767
v -4.461925 -6.709983 0.689767
v -4.461924 -5.930906 0.854172
v -4.461924 -4.113463 0.854172
v -5.457856 -4.113463 0.854172
v -5.457856 -5.930906 0.854172
v -2.100948 -0.850696 7.679861
v -3.025099 -0.850696 7.679862
v -2.100948 -2.646654 7.534593
v -3.025099 -2.646654 7.534593
v -2.100948 -0.850696 7.534593
v -3.025099 -0.850696 7.534593
v 2.752656 -2.646654 7.679861
v 1.828507 -2.646654 7.679862
v -1.319678 -3.360789 0.689765
v -3.746484 -3.360789 0.689767
v -1.319678 -0.199965 0.689765
v -3.746484 -0.199965 0.689767
v -1.319678 -0.199965 0.532447
v -3.746484 -0.199965 0.532449
v -1.319678 -0.011594 0.689765
v -3.746484 -0.011594 0.689767
v -1.319678 -0.095573 0.443187
v -3.746484 -0.095573 0.443189
v -1.319678 -0.011594 0.443187
v -3.746484 -0.011594 0.443189
v -1.319678 -6.709983 0.689765
v -3.746484 -6.709983 0.689767
v -1.319678 -3.549159 0.689765
v -3.746484 -3.549159 0.689767
v -1.319678 -3.549159 0.532447
v -3.746484 -3.549159 0.532449
v -1.319678 -3.444767 0.443187
v -3.746484 -3.444767 0.443189
v -1.319678 -3.360789 0.432119
v -3.746484 -3.360789 0.432121
v -1.319678 -5.930906 0.689765
v -3.746484 -5.930906 0.689767
v -3.031049 -5.930906 0.689766
v -3.031049 -4.113463 0.689766
v -2.035118 -4.113463 0.689766
v -2.035118 -5.930906 0.689766
v -2.035118 -6.709983 0.689766
v -3.031049 -6.709983 0.689766
v -3.031049 -5.930906 0.854171
v -3.031049 -4.113463 0.854171
v -2.035118 -4.113463 0.854171
v -2.035118 -5.930906 0.854171
v 2.752656 -0.850696 7.679861
v 1.828507 -0.850696 7.679862
v 2.752656 -2.646654 7.534593
v 1.828507 -2.646654 7.534593
v 2.752656 -0.850696 7.534593
v 1.828507 -0.850696 7.534593
v 4.295917 -2.646654 7.679852
v 5.220066 -2.646654 7.679852
v -5.442262 2.498497 0.835042
v -4.518113 2.498497 0.835042
v -5.442262 0.702539 0.835042
v -4.518113 0.702539 0.835042
v -5.442263 2.498497 0.689773
v -8.394999 -5.930906 0.870968
v -8.394999 -4.113462 0.870968
v -6.378393 -4.113462 0.870968
v -6.378393 -5.930906 0.870968
v -6.378393 -6.709983 0.870968
v -8.394999 -6.709983 0.870968
v -4.518113 2.498497 0.689773
v -5.442263 0.702539 0.689773
v -4.518113 0.702539 0.689773
v -10.295879 2.498497 0.835041
v -9.371731 2.498497 0.835041
v -10.295879 0.702539 0.835041
v -9.371731 0.702539 0.835041
v -10.295879 2.498497 0.689773
v -9.371731 2.498497 0.689773
v -10.295879 0.702539 0.689773
v -9.371731 0.702539 0.689773
v -11.757925 2.498497 0.835035
v -12.682075 2.498497 0.835035
v -11.757925 0.702539 0.835035
v -12.682075 0.702539 0.835035
v -11.757925 2.498497 0.689767
v -12.682075 2.498497 0.689767
v -11.757925 0.702539 0.689767
v -12.682075 0.702539 0.689767
v -6.904318 2.498497 0.835036
v -7.828469 2.498497 0.835036
v -6.904318 0.702539 0.835036
v -7.828469 0.702539 0.835036
v -6.904318 2.498497 0.689767
v -7.828469 2.498497 0.689767
v -6.904318 0.702539 0.689767
v -7.828469 0.702539 0.689767
v -2.050704 2.498497 0.835033
v -2.974854 2.498497 0.835033
v -2.050704 0.702539 0.835033
v -2.974854 0.702539 0.835033
v -2.050704 2.498497 0.689764
v -2.974854 2.498497 0.689765
v -2.050704 0.702539 0.689764
v -2.974854 0.702539 0.689765
v -1.319678 3.149230 0.689765
v -3.746484 3.149230 0.689767
v -6.173292 3.149230 0.689766
v -8.600099 3.149230 0.689768
v -11.026907 3.149230 0.689768
v -13.459287 3.149230 0.689769
v -13.459287 6.686796 0.443191
v -11.026907 6.686795 0.443189
v -13.459287 6.602817 0.443191
v -11.026907 6.602816 0.443189
v -13.459287 6.498426 0.532451
v -11.026908 6.498426 0.532450
v -13.459287 6.498425 0.689769
v -11.026907 6.498425 0.689768
v -8.600101 6.686795 0.443190
v -6.173292 6.686795 0.443188
v -8.600099 6.602816 0.443190
v -6.173292 6.602816 0.443188
v -8.600100 6.498426 0.532450
v -6.173292 6.498426 0.532449
v -8.600099 6.498425 0.689768
v -6.173292 6.498425 0.689766
v -3.746484 6.686795 0.443189
v 0.419381 6.686796 0.443188
v -3.746484 6.602816 0.443189
v -1.319678 6.602816 0.443187
v -3.746484 6.498426 0.532449
v -1.319678 6.498426 0.532448
v -3.746484 6.498425 0.689767
v -1.319678 6.498425 0.689765
v -2.974854 4.051733 0.689765
v -2.050704 4.051733 0.689764
v -2.974854 5.847692 0.689765
v -2.050704 5.847692 0.689764
v -2.974854 4.051733 0.835033
v -2.050704 4.051733 0.835033
v -2.974854 5.847692 0.835033
v -2.050704 5.847692 0.835033
v -7.828469 4.051733 0.689767
v -6.904318 4.051733 0.689767
v -7.828469 5.847692 0.689767
v -6.904318 5.847692 0.689767
v -7.828469 4.051733 0.835036
v -6.904318 4.051733 0.835036
v -7.828469 5.847692 0.835036
v -6.904318 5.847692 0.835036
v -12.682075 4.051733 0.689767
v -11.757925 4.051733 0.689767
v -12.682075 5.847692 0.689767
v -11.757925 5.847692 0.689767
v -12.682075 4.051733 0.835035
v -11.757925 4.051733 0.835035
v -12.682075 5.847692 0.835035
v -11.757925 5.847692 0.835035
v -9.371731 4.051733 0.689773
v -10.295879 4.051733 0.689773
v -9.371731 5.847692 0.689773
v -10.295879 5.847692 0.689773
v -9.371731 4.051733 0.835041
v -10.295879 4.051733 0.835041
v -9.371731 5.847692 0.835041
v -10.295879 5.847692 0.835041
v -4.518113 4.051733 0.689773
v -5.442263 4.051733 0.689773
v -4.518113 5.847692 0.689773
v -5.442263 5.847692 0.689773
v -4.518113 4.051733 0.835042
v -5.442262 4.051733 0.835042
v -4.518113 5.847692 0.835042
v -5.442262 5.847692 0.835042
v -11.026907 3.149229 0.532450
v -13.459287 3.149229 0.532450
v -11.026907 3.337601 0.689768
v -13.459287 3.337601 0.689769
v -11.026907 3.253622 0.443189
v -13.459287 3.253622 0.443191
v -11.026907 3.337601 0.443189
v -13.459287 3.337601 0.443191
v -6.173292 3.149229 0.532449
v -8.600099 3.149229 0.532450
v -6.173292 3.337601 0.689766
v -8.600101 3.337601 0.689768
v -6.173292 3.253622 0.443188
v -8.600099 3.253622 0.443190
v -6.173292 3.337601 0.443188
v -8.600101 3.337601 0.443190
v -1.319678 3.149229 0.532447
v -3.746484 3.149229 0.532449
v -1.319678 3.337601 0.689765
v -3.746484 3.337601 0.689767
v -1.319678 3.253622 0.443187
v -3.746484 3.253622 0.443189
v -1.319678 3.337601 0.443187
v -3.746484 3.337601 0.443189
v -7.386697 -4.113462 0.870968
v -7.386697 -6.709983 0.870968
v 0.677016 -3.360788 -1.316566
v 0.677016 -0.199964 -1.316566
v 0.519698 -0.199964 -1.316566
v 0.677016 -0.011593 -1.316566
v 0.430437 -0.095572 -1.316566
v 0.430437 -0.011593 -1.316566
v 0.677016 -6.709982 -1.316566
v 0.677016 -3.549158 -1.316566
v 0.519698 -3.549158 -1.316566
v 0.430437 -3.444766 -1.316566
v 0.419370 -3.360788 -1.316566
v 0.677016 -5.930905 -1.316566
v 0.677017 -5.930905 -3.027935
v 0.677017 -4.113462 -3.027935
v 0.677016 -4.113462 -2.032004
v 0.677016 -5.930905 -2.032004
v 0.677016 -6.709982 -2.032004
v 0.677017 -6.709982 -3.027935
v 0.841421 -5.930905 -3.027935
v 0.841421 -4.113462 -3.027935
v 0.841422 -4.113462 -2.032004
v 0.841422 -5.930905 -2.032004
v 4.295917 -0.850696 7.679852
v 5.220066 -0.850696 7.679852
v 4.295917 -2.646654 7.534584
v 5.220066 -2.646654 7.534584
v 4.295917 -0.850696 7.534584
v 5.220066 -0.850696 7.534584
v -0.557687 -2.646654 7.679855
v 0.677015 -3.360788 -6.170179
v 0.677017 -3.360788 -3.743374
v 0.677015 -0.199964 -6.170179
v 0.677017 -0.199964 -3.743374
v 0.519697 -0.199964 -6.170179
v 0.519698 -0.199964 -3.743374
v 0.677015 -0.011593 -6.170179
v 0.677017 -0.011593 -3.743372
v 0.430437 -0.095572 -6.170179
v 0.430438 -0.095572 -3.743374
v 0.430437 -0.011593 -6.170179
v 0.430438 -0.011593 -3.743372
v 0.677015 -6.709982 -6.170179
v 0.677017 -6.709982 -3.743374
v 0.677015 -3.549158 -6.170179
v 0.677017 -3.549158 -3.743374
v 0.519697 -3.549158 -6.170179
v 0.519698 -3.549158 -3.743374
v 0.430437 -3.444766 -6.170179
v 0.430438 -3.444766 -3.743374
v 0.419368 -3.360788 -6.170179
v 0.419370 -3.360788 -3.743372
v 0.677015 -5.930905 -6.170179
v 0.677017 -5.930905 -3.743374
v 0.677016 -5.930905 -3.948474
v 0.677016 -4.113461 -3.948474
v 0.677016 -4.113461 -5.965079
v 0.677016 -5.930905 -5.965079
v 0.677016 -6.709982 -5.965079
v 0.677016 -6.709982 -3.948474
v 0.366463 -2.646654 7.679856
v -0.557687 -0.850696 7.679855
v 0.366463 -0.850696 7.679856
v -0.557687 -2.646654 7.534587
v 0.366463 -2.646654 7.534587
v -0.557687 -0.850696 7.534587
v 0.366463 -0.850696 7.534587
v -5.411304 -2.646654 7.679856
v 0.677015 -5.930905 -7.881547
v 0.677015 -4.113462 -7.881547
v 0.677016 -4.113462 -6.885615
v 0.677016 -5.930905 -6.885615
v 0.677016 -6.709982 -6.885618
v 0.677015 -6.709982 -7.881547
v 0.841420 -5.930905 -7.881547
v 0.841420 -4.113462 -7.881547
v 0.841420 -4.113462 -6.885616
v 0.841420 -5.930905 -6.885616
v -4.487155 -2.646654 7.679855
v -5.411304 -0.850696 7.679856
v -4.487155 -0.850696 7.679855
v -5.411304 -2.646654 7.534587
v -4.487155 -2.646654 7.534587
v -5.411304 -0.850696 7.534587
v -4.487155 -0.850696 7.534587
v -10.264910 -2.646654 7.679859
v 0.677013 -3.360788 -11.023794
v 0.677015 -3.360788 -8.596987
v 0.677013 -0.199964 -11.023794
v 0.677015 -0.199964 -8.596987
v 0.519696 -0.199964 -11.023794
v 0.519696 -0.199964 -8.596987
v 0.677013 -0.011593 -11.023794
v 0.677015 -0.011593 -8.596987
v 0.430435 -0.095572 -11.023794
v 0.430437 -0.095572 -8.596987
v 0.430435 -0.011593 -11.023794
v 0.430437 -0.011593 -8.596987
v 0.677013 -6.709982 -11.023794
v 0.677015 -6.709982 -8.596987
v 0.677013 -3.549158 -11.023794
v 0.677015 -3.549158 -8.596987
v 0.519696 -3.549158 -11.023794
v 0.519696 -3.549158 -8.596987
v 0.430435 -3.444766 -11.023794
v 0.430437 -3.444766 -8.596987
v 0.419367 -3.360788 -11.023794
v 0.419369 -3.360788 -8.596987
v 0.677013 -5.930905 -11.023794
v 0.677015 -5.930905 -8.596987
v 0.677015 -5.930905 -9.312423
v 0.677015 -4.113462 -9.312423
v 0.677014 -4.113462 -10.308353
v 0.677014 -5.930905 -10.308353
v 0.677014 -6.709982 -10.308353
v 0.677015 -6.709982 -9.312423
v 0.841420 -5.930905 -9.312423
v 0.841420 -4.113462 -9.312423
v 0.841419 -4.113462 -10.308353
v 0.841419 -5.930905 -10.308353
v -9.340760 -2.646654 7.679859
v -10.264910 -0.850696 7.679859
v -9.340760 -0.850696 7.679859
v -10.264910 -2.646654 7.534590
v -9.340760 -2.646654 7.534590
v -10.264910 -0.850696 7.534590
v -9.340760 -0.850696 7.534590
v 0.677014 -5.930905 -12.735164
v 0.677014 -4.113462 -12.735164
v 0.677013 -4.113462 -11.739229
v 0.677013 -5.930905 -11.739229
v 0.677013 -6.709982 -11.739229
v 0.677014 -6.709982 -12.735164
v 0.841419 -5.930905 -12.735164
v 0.841419 -4.113462 -12.735164
v 0.841419 -4.113462 -11.739229
v 0.841419 -5.930905 -11.739229
v 0.677013 -3.360788 -13.450034
v 0.677013 -0.199964 -13.450034
v 0.519695 -0.199964 -13.450034
v 0.677013 -0.011593 -13.450034
v 0.430435 -0.095572 -13.450034
v 0.430435 -0.011593 -13.450034
v 0.677013 -6.709983 -13.450034
v 0.677013 -3.549159 -13.450034
v 0.519695 -3.549159 -13.450034
v 0.430435 -3.444767 -13.450034
v 0.419367 -3.360788 -13.450034
v 0.677013 -5.930906 -13.450034
v 0.822286 2.498498 -11.754816
v 0.822287 2.498498 -12.678964
v 0.822286 0.702540 -11.754816
v 0.822287 0.702540 -12.678964
v 0.677019 2.498498 -11.754816
v 0.677019 2.498498 -12.678964
v 0.677019 0.702540 -11.754816
v 0.677019 0.702540 -12.678964
v 0.822290 2.498498 -6.901210
v 0.822290 2.498498 -7.825359
v 0.822290 0.702540 -6.901210
v 0.822290 0.702540 -7.825359
v 0.677021 2.498498 -6.901210
v 0.858216 -5.930905 -3.948474
v 0.858216 -4.113461 -3.948474
v 0.858215 -4.113461 -5.965079
v 0.858215 -5.930905 -5.965079
v 0.858215 -6.709982 -5.965079
v 0.858216 -6.709982 -3.948474
v 0.677021 2.498498 -7.825359
v 0.677021 0.702540 -6.901210
v 0.677021 0.702540 -7.825359
v 0.822289 2.498498 -2.047592
v 0.822289 2.498498 -2.971742
v 0.822289 0.702540 -2.047592
v 0.822289 0.702540 -2.971742
v 0.677021 2.498498 -2.047592
v 0.677021 2.498498 -2.971742
v 0.677021 0.702540 -2.047592
v 0.677021 0.702540 -2.971742
v 0.822284 2.498498 -5.439154
v 0.822284 2.498498 -4.515003
v 0.822284 0.702540 -5.439154
v 0.822284 0.702540 -4.515003
v 0.677016 2.498498 -5.439154
v 0.677016 2.498498 -4.515002
v 0.677016 0.702540 -5.439154
v 0.677016 0.702540 -4.515002
v 0.822281 2.498498 -10.292767
v 0.822281 2.498498 -9.368618
v 0.822281 0.702540 -10.292767
v 0.822281 0.702540 -9.368618
v 0.677013 2.498498 -10.292767
v 0.677012 2.498498 -9.368618
v 0.677013 0.702540 -10.292767
v 0.677012 0.702540 -9.368618
v 0.677013 3.149231 -13.450034
v 0.677013 3.149231 -11.023794
v 0.677015 3.149231 -8.596987
v 0.677015 3.149231 -6.170179
v 0.677017 3.149231 -3.743374
v 0.677016 3.149231 -1.316566
v 0.430437 6.602817 -1.316566
v 0.519698 6.498426 -1.316565
v 0.677016 6.498426 -1.316566
v 0.430438 6.686796 -3.743372
v 0.430437 6.686796 -6.170179
v 0.430438 6.602817 -3.743374
v 0.430437 6.602817 -6.170179
v 0.519698 6.498426 -3.743374
v 0.519698 6.498426 -6.170179
v 0.677017 6.498426 -3.743374
v 0.677015 6.498426 -6.170179
v 0.430437 6.686796 -8.596987
v 0.430435 6.686796 -11.023794
v 0.430437 6.602817 -8.596987
v 0.430435 6.602817 -11.023794
v 0.519697 6.498426 -8.596988
v 0.519696 6.498426 -11.023794
v 0.677015 6.498426 -8.596987
v 0.677013 6.498426 -11.023794
v 0.430435 6.686797 -13.450034
v 0.430435 6.602818 -13.450034
v 0.519696 6.498426 -13.450034
v 0.677013 6.498426 -13.450034
v 0.677012 4.051734 -9.368618
v 0.677013 4.051734 -10.292767
v 0.677012 5.847692 -9.368618
v 0.677013 5.847692 -10.292767
v 0.822281 4.051734 -9.368618
v 0.822281 4.051734 -10.292767
v 0.822281 5.847692 -9.368618
v 0.822281 5.847692 -10.292767
v 0.677016 4.051734 -4.515002
v 0.677016 4.051734 -5.439154
v 0.677016 5.847692 -4.515002
v 0.677016 5.847692 -5.439154
v 0.822284 4.051734 -4.515003
v 0.822284 4.051734 -5.439154
v 0.822284 5.847692 -4.515003
v 0.822284 5.847692 -5.439154
v 0.677021 4.051734 -2.971742
v 0.677021 4.051734 -2.047592
v 0.677021 5.847692 -2.971742
v 0.677021 5.847692 -2.047592
v 0.822289 4.051734 -2.971742
v 0.822289 4.051734 -2.047592
v 0.822289 5.847692 -2.971742
v 0.822289 5.847692 -2.047592
v 0.677021 4.051734 -7.825359
v 0.677021 4.051734 -6.901210
v 0.677021 5.847692 -7.825359
v 0.677021 5.847692 -6.901210
v 0.822290 4.051734 -7.825359
v 0.822290 4.051734 -6.901210
v 0.822290 5.847692 -7.825359
v 0.822290 5.847692 -6.901210
v 0.677019 4.051734 -12.678964
v 0.677019 4.051734 -11.754816
v 0.677019 5.847692 -12.678964
v 0.677019 5.847692 -11.754816
v 0.822287 4.051734 -12.678964
v 0.822286 4.051734 -11.754816
v 0.822287 5.847692 -12.678964
v 0.822286 5.847692 -11.754816
v 0.519698 3.149230 -1.316566
v 0.677016 3.337602 -1.316566
v 0.430437 3.253623 -1.316566
v 0.430437 3.337602 -1.316566
v 0.519697 3.149230 -6.170179
v 0.519698 3.149230 -3.743374
v 0.677015 3.337602 -6.170179
v 0.677017 3.337602 -3.743372
v 0.430437 3.253623 -6.170179
v 0.430438 3.253623 -3.743374
v 0.430437 3.337602 -6.170179
v 0.430438 3.337602 -3.743372
v 0.519696 3.149230 -11.023794
v 0.519696 3.149230 -8.596987
v 0.677013 3.337602 -11.023794
v 0.677015 3.337602 -8.596987
v 0.430435 3.253623 -11.023794
v 0.430437 3.253623 -8.596987
v 0.430435 3.337602 -11.023794
v 0.430437 3.337602 -8.596987
v 0.519695 3.149230 -13.450034
v 0.677013 3.337602 -13.450034
v 0.430435 3.253623 -13.450034
v 0.430435 3.337602 -13.450034
v 0.858216 -4.113461 -4.956776
v 0.858216 -6.709982 -4.956776
v 0.677024 -5.930905 -0.320636
v 0.677024 -6.709982 -0.320636
v 0.677016 -6.709983 0.689764
v 0.677016 -5.930906 0.689764
v -0.323754 -5.930906 0.689765
v -0.323754 -6.709983 0.689765
v 0.677016 -3.360788 0.689764
v 0.677016 -0.199964 0.689764
v 0.598363 -0.199964 0.611106
v 0.677016 -0.011593 0.689764
v 0.430453 -0.095572 0.443187
v 0.430453 -0.011594 0.443187
v 0.677016 -3.549158 0.689764
v 0.598363 -3.549159 0.611106
v 0.419440 -3.444767 0.448706
v 0.419440 -3.360788 0.443171
v 0.677016 3.149231 0.689764
v 0.419365 6.602817 0.443187
v 0.519698 6.498426 0.532448
v 0.677016 6.498426 0.689764
v 0.598363 3.149230 0.611106
v 0.677016 3.337602 0.689764
v 0.430453 3.253622 0.443187
v 0.430453 3.337601 0.443187
v 0.686653 -3.549158 0.689766
v 0.686653 -5.930905 0.689766
v 0.430437 6.686796 -1.316564
v -1.319681 6.686796 0.443188
v -13.459287 -6.709984 0.707821
v -13.459287 6.686794 0.689768
v -13.459287 -3.360789 0.443191
v 0.677019 6.686796 -13.450037
v 4.172070 6.498425 -13.450038
v 4.172070 9.160526 -13.450038
v 7.649064 -6.709984 -13.450037
v 7.667118 6.686794 -13.450037
v 7.913694 -3.360790 -13.450037
v 7.667111 -6.709981 -11.023799
v -2.050704 -2.646656 0.835033
v -2.974854 -2.646656 0.835033
v -2.050704 -0.850696 0.689764
v -2.974854 -0.850696 0.689765
v -2.050704 -2.646656 0.689764
v -2.974854 -2.646656 0.689765
v 0.822286 -0.850695 -11.754816
v 0.822287 -0.850695 -12.678964
v 0.822286 -2.646654 -11.754816
v 0.822287 -2.646654 -12.678964
v 0.677019 -0.850695 -11.754816
v 0.677019 -0.850695 -12.678964
v 0.677019 -2.646654 -11.754816
v 0.677019 -2.646654 -12.678964
v 0.822290 -0.850695 -6.901210
v 0.822290 -0.850695 -7.825359
v 0.822290 -2.646654 -6.901210
v 0.822290 -2.646654 -7.825359
v 0.677021 -0.850695 -6.901210
v 0.677021 -0.850695 -7.825359
v 0.677021 -2.646654 -6.901210
v 0.677021 -2.646654 -7.825359
v 0.822289 -0.850695 -2.047592
v 0.822289 -0.850695 -2.971742
v 0.822289 -2.646654 -2.047592
v 0.822289 -2.646654 -2.971742
v 0.677021 -0.850695 -2.047592
v 0.677021 -0.850695 -2.971742
v 0.677021 -2.646654 -2.047592
v 0.677021 -2.646654 -2.971742
v 0.822284 -0.850695 -5.439154
v 0.822284 -0.850695 -4.515003
v 0.822284 -2.646654 -5.439154
v 0.822284 -2.646654 -4.515003
v 0.677016 -0.850695 -5.439154
v 0.677016 -0.850695 -4.515002
v 0.677016 -2.646654 -5.439154
v 0.677016 -2.646654 -4.515002
v 0.822281 -0.850695 -10.292767
v 0.822281 -0.850695 -9.368618
v 0.822281 -2.646654 -10.292767
v 0.822281 -2.646654 -9.368618
v 0.677013 -0.850695 -10.292767
v 0.677012 -0.850695 -9.368618
v 0.677013 -2.646654 -10.292767
v 0.677012 -2.646654 -9.368618
vn -0.0000 0.8115 0.5843
vn 0.5843 0.8115 -0.0000
vn 0.4016 0.8230 0.4016
vn -0.0000 -1.0000 -0.0000
vn -0.0000 -0.6499 0.7600
vn -0.0000 -0.0000 1.0000
vn -0.0000 1.0000 -0.0000
vn -1.0000 -0.0000 -0.0000
vn -0.0000 -0.1307 0.9914
vn 1.0000 -0.0000 -0.0000
vn -0.0000 -0.0000 -1.0000
vn 0.7071 -0.0000 0.7071
vn 0.6051 -0.5174 0.6051
vn -0.7071 -0.0000 0.7071
vn 0.7071 -0.0000 -0.7071
vn 0.7041 -0.0928 0.7041
vn 0.7600 -0.6499 -0.0000
vn 0.9914 -0.1307 -0.0000
vn -0.0000 -0.6499 -0.7600
vn -0.0023 -0.0658 -0.9978
vn -0.0000 -0.1307 -0.9914
vn -0.0000 0.8115 -0.5843
vn -0.7600 -0.6499 -0.0000
vn -0.9914 -0.1307 -0.0000
vn -0.5843 0.8115 -0.0000
vn -0.5843 0.8115 -0.0010
vn -0.5832 0.8123 -0.0000
vn -0.6356 -0.7719 0.0136
vn -0.7398 -0.6728 -0.0023
vn -0.6185 -0.7857 0.0113
vn -0.9978 -0.0659 -0.0031
vn 0.0136 -0.7719 -0.6356
vn 0.0148 -0.7643 -0.6447
vn 0.0047 -0.0984 -0.9951
vn -1.0000 0.0001 -0.0063
vt 0.301231 0.647051
vt 0.550207 0.647051
vt 0.550207 0.995247
vt 0.353687 0.995247
vt 0.471506 0.639280
vt 0.553089 0.995218
vt 0.350805 0.995218
vt 0.438229 0.647911
vt 0.353687 0.647051
vt 0.602663 0.647051
vt 0.223585 0.259319
vt 0.223585 0.316881
vt 0.459598 0.316881
vt 0.459598 0.259319
vt 0.223585 0.349541
vt 0.459598 0.349541
vt 0.459598 0.340441
vt 0.223585 0.340441
vt 0.223585 0.348647
vt 0.459598 0.348647
vt 0.594535 0.538416
vt 0.761992 0.538416
vt 0.761992 0.549003
vt 0.594535 0.549003
vt 0.274449 0.746888
vt 0.024511 0.733913
vt 0.024511 0.964603
vt 0.274449 0.964603
vt 0.899860 0.801300
vt 0.991755 0.801300
vt 0.991755 0.643633
vt 0.899860 0.643633
vt 0.293487 0.097533
vt 0.293487 0.275106
vt 0.390795 0.275106
vt 0.223585 0.330242
vt 0.459598 0.330242
vt 0.390795 0.097533
vt 0.459598 0.097533
vt 0.223585 0.097533
vt 0.985995 0.643361
vt 0.904888 0.643361
vt 0.904888 0.801347
vt 0.985995 0.801347
vt 0.904500 0.801347
vt 0.985607 0.801347
vt 0.985608 0.643361
vt 0.904500 0.643361
vt 0.993838 0.980168
vt 0.993838 0.815012
vt 0.903335 0.815012
vt 0.903335 0.980168
vt 0.390795 0.275106
vt 0.390795 0.097533
vt 0.995686 0.801300
vt 0.895928 0.801300
vt 0.004207 0.340745
vt 0.004207 0.646075
vt 0.073314 0.583215
vt 0.073314 0.409729
vt 0.160676 0.409729
vt 0.233619 0.340745
vt 0.160676 0.583215
vt 0.233619 0.646075
vt 0.160676 0.409729
vt 0.160676 0.583215
vt 0.964333 0.801356
vt 0.964333 0.643310
vt 0.931925 0.643310
vt 0.931925 0.801356
vt 0.209654 0.079231
vt 0.257126 0.079231
vt 0.257126 0.052698
vt 0.233390 0.052698
vt 0.209654 0.052698
vt 0.440658 0.275106
vt 0.243625 0.275106
vt 0.440658 0.097533
vt 0.243625 0.097533
vt 0.962744 0.801347
vt 0.962744 0.643361
vt 0.927752 0.643361
vt 0.927752 0.801347
vt 0.274449 0.977578
vt 0.274449 0.800550
vt 0.024511 0.746888
vt 0.744629 0.652431
vt 0.744629 0.949137
vt 0.866474 0.949137
vt 0.866474 0.741457
vt 0.745107 0.652485
vt 0.865969 0.652485
vt 0.865969 0.741510
vt 0.459528 0.097631
vt 0.459528 0.275280
vt 0.440779 0.275280
vt 0.440779 0.097631
vt 0.223613 0.275280
vt 0.223613 0.097631
vt 0.243598 0.097631
vt 0.243598 0.275280
vt 0.371643 0.328962
vt 0.412083 0.341592
vt 0.417098 0.351751
vt 0.300369 0.351751
vt 0.300369 0.328962
vt 0.300369 0.328953
vt 0.371643 0.328953
vt 0.412083 0.341582
vt 0.412083 0.351742
vt 0.300369 0.351742
vt 0.459598 0.330906
vt 0.223585 0.330906
vt 0.223585 0.339111
vt 0.459598 0.339111
vt 0.439941 0.636193
vt 0.019178 0.636370
vt 0.020403 0.629986
vt 0.413199 0.631063
vt 0.024511 0.917277
vt 0.024511 0.733914
vt 0.348933 0.647051
vt 0.554961 0.647051
vt 0.554961 0.995247
vt 0.348933 0.995247
vt 0.412083 0.351745
vt 0.300369 0.351745
vt 0.300369 0.328956
vt 0.371643 0.328956
vt 0.412083 0.341586
vt 0.073314 0.577173
vt 0.073314 0.403687
vt 0.160676 0.403687
vt 0.004207 0.334703
vt 0.233619 0.334703
vt 0.160676 0.577173
vt 0.233619 0.640033
vt 0.004207 0.640033
vt 0.160676 0.403687
vt 0.160676 0.577173
vt 0.866474 0.652431
vt 0.865969 0.949191
vt 0.745107 0.949191
vt 0.459598 0.316881
vt 0.223585 0.316881
vt 0.459598 0.316881
vt 0.459598 0.316881
vt 0.223585 0.316881
vt 0.468954 0.995247
vt 0.223585 0.316881
vt 0.459598 0.316881
vt 0.223585 0.316881
vt 0.459598 0.316881
vt 0.435455 0.994854
vt 0.223585 0.316787
vt 0.223585 0.316881
vt 0.223620 0.330596
vt 0.223620 0.097141
vt 0.223620 0.097141
vt 0.223620 0.330598
vt 0.223620 0.097143
vt 0.223620 0.097143
vt 0.223620 0.097143
vt 0.223620 0.330598
vt 0.402359 0.628984
vt 0.301071 0.351529
vt 0.301071 0.341391
vt 0.341423 0.328789
vt 0.412543 0.351529
vt 0.412543 0.328789
s 0
usemtl Material.001
f 1/1/1 358/2/1 326/3/1 325/4/1
f 1/5/1 325/6/1 321/7/1
f 1/8/2 821/6/2 824/7/2
f 856/9/2 1/10/2 824/3/2 825/4/2
f 321/7/3 821/6/3 1/5/3
f 3/11/4 4/12/4 37/13/4 35/14/4
f 37/13/5 4/12/5 6/15/5 41/16/5
f 41/17/6 6/18/6 7/19/6 43/20/6
f 5/21/7 39/22/7 43/23/7 7/24/7
f 965/25/8 271/26/8 269/27/8 967/28/8
f 9/11/4 10/12/4 49/13/4 47/14/4
f 49/13/5 10/12/5 11/15/5 51/16/5
f 51/17/9 11/18/9 12/19/9 53/20/9
f 2/21/7 33/22/7 53/23/7 12/24/7
f 17/29/6 14/30/6 19/31/6 18/32/6
f 17/33/8 16/34/8 22/34/8 23/33/8
f 15/35/6 16/34/6 9/36/6 47/37/6
f 14/38/6 15/35/6 47/37/6 55/39/6
f 16/34/6 17/33/6 13/40/6 9/36/6
f 45/41/6 19/42/6 14/43/6 55/44/6
f 13/45/6 17/46/6 18/47/6 8/48/6
f 21/49/6 20/50/6 23/51/6 22/52/6
f 16/34/4 15/35/4 21/53/4 22/34/4
f 15/35/10 14/38/10 20/54/10 21/53/10
f 14/55/7 17/56/7 23/56/7 20/55/7
f 1073/57/11 1075/58/11 1553/58/11 1552/57/11
f 1258/58/8 1257/57/8 1552/57/8 1553/58/8
f 1626/59/6 1628/60/6 1624/60/6 1622/59/6
f 1629/61/8 1628/60/8 1342/57/8 1343/62/8
f 1626/59/8 1627/63/8 1345/64/8 1344/58/8
f 1627/63/8 1629/61/8 1343/62/8 1345/64/8
f 1628/60/8 1626/59/8 1344/58/8 1342/57/8
f 1622/59/8 1624/60/8 1625/65/8 1623/66/8
f 34/11/4 35/14/4 37/13/4 36/12/4
f 37/13/5 41/16/5 40/15/5 36/12/5
f 41/17/6 43/20/6 42/19/6 40/18/6
f 38/21/7 42/24/7 43/23/7 39/22/7
f 46/11/4 47/14/4 49/13/4 48/12/4
f 49/13/5 51/16/5 50/15/5 48/12/5
f 51/17/9 53/20/9 52/19/9 50/18/9
f 32/21/7 52/24/7 53/23/7 33/22/7
f 59/29/6 60/32/6 61/31/6 56/30/6
f 59/33/10 65/33/10 64/34/10 58/34/10
f 57/35/6 47/37/6 46/36/6 58/34/6
f 56/38/6 55/39/6 47/37/6 57/35/6
f 58/34/6 46/36/6 54/40/6 59/33/6
f 45/41/6 55/44/6 56/43/6 61/42/6
f 54/45/6 44/48/6 60/47/6 59/46/6
f 63/49/6 64/52/6 65/51/6 62/50/6
f 58/34/4 64/34/4 63/53/4 57/35/4
f 57/35/8 63/53/8 62/54/8 56/38/8
f 56/55/7 62/55/7 65/56/7 59/56/7
f 1629/61/11 1627/63/11 1623/66/11 1625/65/11
f 1628/60/7 1629/61/7 1625/65/7 1624/60/7
f 1627/63/4 1626/59/4 1622/59/4 1623/66/4
f 1618/59/6 1620/60/6 1616/60/6 1614/59/6
f 1621/61/8 1620/60/8 1286/57/8 1287/62/8
f 1618/59/8 1619/63/8 1289/64/8 1288/58/8
f 1619/63/8 1621/61/8 1287/62/8 1289/64/8
f 1620/60/8 1618/59/8 1288/58/8 1286/57/8
f 1614/59/8 1616/60/8 1617/65/8 1615/66/8
f 34/11/4 36/12/4 97/13/4 95/14/4
f 97/13/5 36/12/5 40/15/5 101/16/5
f 101/17/6 40/18/6 42/19/6 103/20/6
f 38/21/7 99/22/7 103/23/7 42/24/7
f 1621/61/11 1619/63/11 1615/66/11 1617/65/11
f 46/11/4 48/12/4 109/13/4 107/14/4
f 109/13/5 48/12/5 50/15/5 111/16/5
f 111/17/9 50/18/9 52/19/9 113/20/9
f 32/21/7 93/22/7 113/23/7 52/24/7
f 77/29/6 74/30/6 79/31/6 78/32/6
f 77/33/8 76/34/8 82/34/8 83/33/8
f 75/35/6 76/34/6 46/36/6 107/37/6
f 74/38/6 75/35/6 107/37/6 115/39/6
f 76/34/6 77/33/6 54/40/6 46/36/6
f 105/41/6 79/42/6 74/43/6 115/44/6
f 54/45/6 77/46/6 78/47/6 44/48/6
f 81/49/6 80/50/6 83/51/6 82/52/6
f 76/34/4 75/35/4 81/53/4 82/34/4
f 75/35/10 74/38/10 80/54/10 81/53/10
f 74/55/7 77/56/7 83/56/7 80/55/7
f 1620/60/7 1621/61/7 1617/65/7 1616/60/7
f 1619/63/4 1618/59/4 1614/59/4 1615/66/4
f 1610/59/11 1606/59/11 1608/60/11 1612/60/11
f 1613/61/8 1287/62/8 1257/57/8 1612/60/8
f 1610/59/8 1258/58/8 1289/64/8 1611/63/8
f 1611/63/8 1289/64/8 1287/62/8 1613/61/8
f 1612/60/8 1257/57/8 1258/58/8 1610/59/8
f 1606/59/8 1607/66/8 1609/65/8 1608/60/8
f 94/11/4 95/14/4 97/13/4 96/12/4
f 97/13/5 101/16/5 100/15/5 96/12/5
f 101/17/6 103/20/6 102/19/6 100/18/6
f 98/21/7 102/24/7 103/23/7 99/22/7
f 106/11/4 107/14/4 109/13/4 108/12/4
f 109/13/5 111/16/5 110/15/5 108/12/5
f 111/17/9 113/20/9 112/19/9 110/18/9
f 92/21/7 112/24/7 113/23/7 93/22/7
f 119/67/10 120/68/10 255/69/10 254/70/10
f 117/71/4 118/72/4 253/73/4 467/74/4 252/75/4
f 117/76/6 107/37/6 106/36/6 118/77/6
f 116/78/6 115/39/6 107/37/6 117/76/6
f 118/77/6 106/36/6 114/40/6 119/79/6
f 105/41/6 115/44/6 116/80/6 121/81/6
f 114/45/6 104/48/6 120/82/6 119/83/6
f 1613/61/6 1609/65/6 1607/66/6 1611/63/6
f 1612/60/7 1608/60/7 1609/65/7 1613/61/7
f 1611/63/4 1607/66/4 1606/59/4 1610/59/4
f 1602/59/11 1598/59/11 1600/60/11 1604/60/11
f 1605/61/8 1343/62/8 1286/57/8 1604/60/8
f 1602/59/8 1288/58/8 1345/64/8 1603/63/8
f 1603/63/8 1345/64/8 1343/62/8 1605/61/8
f 1604/60/8 1286/57/8 1288/58/8 1602/59/8
f 1598/59/8 1599/66/8 1601/65/8 1600/60/8
f 94/11/4 96/12/4 147/13/4 145/14/4
f 147/13/5 96/12/5 100/15/5 151/16/5
f 151/17/6 100/18/6 102/19/6 153/20/6
f 98/21/7 149/22/7 153/23/7 102/24/7
f 1605/61/6 1601/65/6 1599/66/6 1603/63/6
f 106/11/4 108/12/4 159/13/4 157/14/4
f 159/13/5 108/12/5 110/15/5 161/16/5
f 161/17/9 110/18/9 112/19/9 163/20/9
f 92/21/7 143/22/7 163/23/7 112/24/7
f 133/29/6 130/30/6 135/31/6 134/32/6
f 133/33/8 132/34/8 138/34/8 139/33/8
f 131/35/6 132/34/6 106/36/6 157/37/6
f 130/38/6 131/35/6 157/37/6 165/39/6
f 132/34/6 133/33/6 114/40/6 106/36/6
f 155/41/6 135/42/6 130/43/6 165/44/6
f 114/45/6 133/46/6 134/47/6 104/48/6
f 137/49/6 136/50/6 139/51/6 138/52/6
f 132/34/4 131/35/4 137/53/4 138/34/4
f 131/35/10 130/38/10 136/54/10 137/53/10
f 130/55/7 133/56/7 139/56/7 136/55/7
f 1604/60/7 1600/60/7 1601/65/7 1605/61/7
f 1603/63/4 1599/66/4 1598/59/4 1602/59/4
f 1594/59/11 1590/59/11 1592/60/11 1596/60/11
f 1597/61/8 1393/62/8 1342/57/8 1596/60/8
f 1594/59/8 1344/58/8 1394/64/8 1595/63/8
f 1595/63/8 1394/64/8 1393/62/8 1597/61/8
f 1596/60/8 1342/57/8 1344/58/8 1594/59/8
f 1590/59/8 1591/66/8 1593/65/8 1592/60/8
f 144/11/4 145/14/4 147/13/4 146/12/4
f 147/13/5 151/16/5 150/15/5 146/12/5
f 151/17/6 153/20/6 152/19/6 150/18/6
f 148/21/7 152/24/7 153/23/7 149/22/7
f 156/11/4 157/14/4 159/13/4 158/12/4
f 159/13/5 161/16/5 160/15/5 158/12/5
f 161/17/9 163/20/9 162/19/9 160/18/9
f 142/21/7 162/24/7 163/23/7 143/22/7
f 169/29/6 170/32/6 171/31/6 166/30/6
f 169/33/10 175/33/10 174/34/10 168/34/10
f 167/35/6 157/37/6 156/36/6 168/34/6
f 166/38/6 165/39/6 157/37/6 167/35/6
f 168/34/6 156/36/6 164/40/6 169/33/6
f 155/41/6 165/44/6 166/43/6 171/42/6
f 164/45/6 154/48/6 170/47/6 169/46/6
f 173/49/6 174/52/6 175/51/6 172/50/6
f 168/34/4 174/34/4 173/53/4 167/35/4
f 167/35/8 173/53/8 172/54/8 166/38/8
f 166/55/7 172/55/7 175/56/7 169/56/7
f 1597/61/6 1593/65/6 1591/66/6 1595/63/6
f 1596/60/7 1592/60/7 1593/65/7 1597/61/7
f 1595/63/4 1591/66/4 1590/59/4 1594/59/4
f 1586/59/8 1588/60/8 1584/60/8 25/59/8
f 1589/61/11 1588/60/11 1073/57/11 1074/62/11
f 1586/59/11 1587/63/11 1076/64/11 1075/58/11
f 1587/63/11 1589/61/11 1074/62/11 1076/64/11
f 1588/60/11 1586/59/11 1075/58/11 1073/57/11
f 25/59/11 1584/60/11 1585/65/11 24/66/11
f 144/11/4 146/12/4 199/13/4 197/14/4
f 199/13/5 146/12/5 150/15/5 203/16/5
f 203/17/6 150/18/6 152/19/6 205/20/6
f 148/21/7 201/22/7 205/23/7 152/24/7
f 1589/61/10 1587/63/10 24/66/10 1585/65/10
f 156/11/4 158/12/4 211/13/4 209/14/4
f 211/13/5 158/12/5 160/15/5 213/16/5
f 213/17/9 160/18/9 162/19/9 215/20/9
f 142/21/7 195/22/7 215/23/7 162/24/7
f 179/29/6 176/30/6 181/31/6 180/32/6
f 179/33/8 178/34/8 184/34/8 185/33/8
f 177/35/6 178/34/6 156/36/6 209/37/6
f 176/38/6 177/35/6 209/37/6 217/39/6
f 178/34/6 179/33/6 164/40/6 156/36/6
f 207/41/6 181/42/6 176/43/6 217/44/6
f 164/45/6 179/46/6 180/47/6 154/48/6
f 183/49/6 182/50/6 185/51/6 184/52/6
f 178/34/4 177/35/4 183/53/4 184/34/4
f 177/35/10 176/38/10 182/54/10 183/53/10
f 176/55/7 179/56/7 185/56/7 182/55/7
f 1588/60/7 1589/61/7 1585/65/7 1584/60/7
f 1587/63/4 1586/59/4 25/59/4 24/66/4
f 29/59/8 27/60/8 31/60/8 67/59/8
f 26/61/11 27/60/11 1017/57/11 1018/62/11
f 29/59/11 28/63/11 1020/64/11 1019/58/11
f 28/63/11 26/61/11 1018/62/11 1020/64/11
f 27/60/11 29/59/11 1019/58/11 1017/57/11
f 67/59/11 31/60/11 30/65/11 66/66/11
f 196/11/4 197/14/4 199/13/4 198/12/4
f 199/13/5 203/16/5 202/15/5 198/12/5
f 203/17/6 205/20/6 204/19/6 202/18/6
f 200/21/7 204/24/7 205/23/7 201/22/7
f 208/11/4 209/14/4 211/13/4 210/12/4
f 211/13/5 213/16/5 212/15/5 210/12/5
f 213/17/9 215/20/9 214/19/9 212/18/9
f 194/21/7 214/24/7 215/23/7 195/22/7
f 221/29/6 222/32/6 223/31/6 218/30/6
f 221/33/10 227/33/10 226/34/10 220/34/10
f 219/35/6 209/37/6 208/36/6 220/34/6
f 218/38/6 217/39/6 209/37/6 219/35/6
f 220/34/6 208/36/6 216/40/6 221/33/6
f 207/41/6 217/44/6 218/43/6 223/42/6
f 216/45/6 206/48/6 222/47/6 221/46/6
f 225/49/6 226/52/6 227/51/6 224/50/6
f 220/34/4 226/34/4 225/53/4 219/35/4
f 219/35/8 225/53/8 224/54/8 218/38/8
f 218/55/7 224/55/7 227/56/7 221/56/7
f 26/61/10 28/63/10 66/66/10 30/65/10
f 27/60/7 26/61/7 30/65/7 31/60/7
f 28/63/4 29/59/4 67/59/4 66/66/4
f 71/59/8 69/60/8 73/60/8 85/59/8
f 68/61/11 69/60/11 964/57/11 965/62/11
f 71/59/11 70/63/11 967/64/11 966/58/11
f 70/63/11 68/61/11 965/62/11 967/64/11
f 69/60/11 71/59/11 966/58/11 964/57/11
f 85/59/11 73/60/11 72/65/11 84/66/11
f 68/61/10 70/63/10 84/66/10 72/65/10
f 200/84/8 269/27/8 196/28/8
f 206/25/8 216/85/8 208/28/8 271/27/8 270/86/8
f 194/84/8 271/27/8 208/28/8
f 3/11/4 503/14/4 512/13/4 4/12/4
f 468/87/6 467/88/6 253/89/6 254/90/6
f 468/91/6 256/92/6 251/93/6
f 116/94/8 117/95/8 252/96/8 251/97/8
f 121/68/8 116/67/8 251/70/8 256/69/8
f 118/98/10 119/99/10 254/100/10 253/101/10
f 210/102/8 212/103/8 214/104/8 194/105/8 208/106/8
f 196/107/8 198/108/8 202/109/8 204/110/8 200/111/8
f 241/63/4 237/66/4 236/59/4 240/59/4
f 242/60/7 238/60/7 239/65/7 243/61/7
f 243/61/10 239/65/10 237/66/10 241/63/10
f 236/59/6 237/66/6 239/65/6 238/60/6
f 242/60/6 148/57/6 314/58/6 240/59/6
f 241/63/6 313/64/6 201/62/6 243/61/6
f 240/59/6 314/58/6 313/64/6 241/63/6
f 243/61/6 201/62/6 148/57/6 242/60/6
f 240/59/8 236/59/8 238/60/8 242/60/8
f 257/63/4 245/66/4 244/59/4 250/59/4
f 258/60/7 246/60/7 249/65/7 259/61/7
f 259/61/10 249/65/10 245/66/10 257/63/10
f 244/59/6 245/66/6 249/65/6 246/60/6
f 258/60/6 98/57/6 316/58/6 250/59/6
f 257/63/6 315/64/6 149/62/6 259/61/6
f 250/59/6 316/58/6 315/64/6 257/63/6
f 259/61/6 149/62/6 98/57/6 258/60/6
f 250/59/8 244/59/8 246/60/8 258/60/8
f 265/63/4 261/66/4 260/59/4 264/59/4
f 266/60/7 262/60/7 263/65/7 267/61/7
f 267/61/10 263/65/10 261/66/10 265/63/10
f 260/59/6 261/66/6 263/65/6 262/60/6
f 266/60/6 38/57/6 318/58/6 264/59/6
f 265/63/6 317/64/6 99/62/6 267/61/6
f 264/59/6 318/58/6 317/64/6 265/63/6
f 267/61/6 99/62/6 38/57/6 266/60/6
f 264/59/8 260/59/8 262/60/8 266/60/8
f 276/63/4 272/66/4 268/59/4 275/59/4
f 277/60/7 273/60/7 274/65/7 278/61/7
f 278/61/10 274/65/10 272/66/10 276/63/10
f 268/59/6 272/66/6 274/65/6 273/60/6
f 277/60/6 5/57/6 320/58/6 275/59/6
f 276/63/6 319/64/6 39/62/6 278/61/6
f 275/59/6 320/58/6 319/64/6 276/63/6
f 278/61/6 39/62/6 5/57/6 277/60/6
f 275/59/8 268/59/8 273/60/8 277/60/8
f 200/25/8 312/28/8 311/27/8 269/26/8
f 284/63/4 283/59/4 279/59/4 280/66/4
f 285/60/7 286/61/7 282/65/7 281/60/7
f 286/61/8 284/63/8 280/66/8 282/65/8
f 279/59/6 281/60/6 282/65/6 280/66/6
f 285/60/6 283/59/6 318/58/6 38/57/6
f 284/63/6 286/61/6 39/62/6 319/64/6
f 283/59/6 284/63/6 319/64/6 318/58/6
f 286/61/6 285/60/6 38/57/6 39/62/6
f 283/59/10 285/60/10 281/60/10 279/59/10
f 292/63/4 291/59/4 287/59/4 288/66/4
f 293/60/7 294/61/7 290/65/7 289/60/7
f 294/61/8 292/63/8 288/66/8 290/65/8
f 287/59/6 289/60/6 290/65/6 288/66/6
f 293/60/6 291/59/6 316/58/6 98/57/6
f 292/63/6 294/61/6 99/62/6 317/64/6
f 291/59/6 292/63/6 317/64/6 316/58/6
f 294/61/6 293/60/6 98/57/6 99/62/6
f 291/59/10 293/60/10 289/60/10 287/59/10
f 300/63/4 299/59/4 295/59/4 296/66/4
f 301/60/7 302/61/7 298/65/7 297/60/7
f 302/61/8 300/63/8 296/66/8 298/65/8
f 295/59/6 297/60/6 298/65/6 296/66/6
f 301/60/6 299/59/6 314/58/6 148/57/6
f 300/63/6 302/61/6 149/62/6 315/64/6
f 299/59/6 300/63/6 315/64/6 314/58/6
f 302/61/6 301/60/6 148/57/6 149/62/6
f 299/59/10 301/60/10 297/60/10 295/59/10
f 308/63/4 307/59/4 303/59/4 304/66/4
f 309/60/7 310/61/7 306/65/7 305/60/7
f 310/61/8 308/63/8 304/66/8 306/65/8
f 303/59/6 305/60/6 306/65/6 304/66/6
f 309/60/6 307/59/6 312/58/6 200/57/6
f 308/63/6 310/61/6 201/62/6 313/64/6
f 307/59/6 308/63/6 313/64/6 312/58/6
f 310/61/6 309/60/6 200/57/6 201/62/6
f 307/59/10 309/60/10 305/60/10 303/59/10
f 327/112/6 322/113/6 321/114/6 325/115/6
f 329/13/5 323/12/5 322/15/5 327/16/5
f 324/11/4 323/12/4 329/13/4 331/14/4
f 327/112/6 325/115/6 326/114/6 328/113/6
f 329/13/5 327/16/5 328/15/5 330/12/5
f 332/11/4 331/14/4 329/13/4 330/12/4
f 335/112/6 328/113/6 326/114/6 333/115/6
f 337/13/5 330/12/5 328/15/5 335/16/5
f 332/11/4 330/12/4 337/13/4 339/14/4
f 335/112/6 333/115/6 334/114/6 336/113/6
f 337/13/5 335/16/5 336/15/5 338/12/5
f 340/11/4 339/14/4 337/13/4 338/12/4
f 343/112/6 336/113/6 334/114/6 341/115/6
f 345/13/5 338/12/5 336/15/5 343/16/5
f 340/11/4 338/12/4 345/13/4 347/14/4
f 343/112/6 341/115/6 342/114/6 344/113/6
f 345/13/5 343/16/5 344/15/5 346/12/5
f 348/11/4 347/14/4 345/13/4 346/12/4
f 351/112/6 344/113/6 342/114/6 349/115/6
f 354/13/5 346/12/5 344/15/5 351/16/5
f 348/11/4 346/12/4 354/13/4 356/14/4
f 350/116/8 364/117/8 366/118/8 353/119/8
f 351/112/6 349/115/6 350/114/6 352/113/6
f 354/13/5 351/16/5 352/15/5 355/12/5
f 357/11/4 356/14/4 354/13/4 355/12/4
f 353/84/8 365/27/8 357/28/8
f 353/25/8 366/120/8 365/121/8
f 363/122/1 364/123/1 350/124/1 349/125/1
f 362/122/1 363/123/1 349/124/1 342/125/1
f 361/122/1 362/123/1 342/124/1 341/125/1
f 360/122/1 361/123/1 341/124/1 334/125/1
f 359/122/1 360/123/1 334/124/1 333/125/1
f 358/122/1 359/123/1 333/124/1 326/125/1
f 350/126/8 353/127/8 357/128/8 355/129/8 352/130/8
f 370/131/10 368/132/10 372/132/10 374/131/10
f 367/133/6 368/132/6 461/134/6 462/135/6
f 370/131/6 369/136/6 356/137/6 357/138/6
f 369/136/6 367/133/6 462/135/6 356/137/6
f 368/132/6 370/131/6 357/138/6 461/134/6
f 374/131/6 372/132/6 371/139/6 373/140/6
f 367/133/8 369/136/8 373/140/8 371/139/8
f 368/132/7 367/133/7 371/139/7 372/132/7
f 369/136/4 370/131/4 374/131/4 373/140/4
f 378/131/10 376/132/10 380/132/10 382/131/10
f 375/133/6 376/132/6 453/134/6 454/135/6
f 378/131/6 377/136/6 347/137/6 348/138/6
f 377/136/6 375/133/6 454/135/6 347/137/6
f 376/132/6 378/131/6 348/138/6 453/134/6
f 382/131/6 380/132/6 379/139/6 381/140/6
f 375/133/8 377/136/8 381/140/8 379/139/8
f 376/132/7 375/133/7 379/139/7 380/132/7
f 377/136/4 378/131/4 382/131/4 381/140/4
f 386/131/10 384/132/10 388/132/10 390/131/10
f 383/133/6 384/132/6 445/134/6 446/135/6
f 386/131/6 385/136/6 339/137/6 340/138/6
f 385/136/6 383/133/6 446/135/6 339/137/6
f 384/132/6 386/131/6 340/138/6 445/134/6
f 390/131/6 388/132/6 387/139/6 389/140/6
f 383/133/8 385/136/8 389/140/8 387/139/8
f 384/132/7 383/133/7 387/139/7 388/132/7
f 385/136/4 386/131/4 390/131/4 389/140/4
f 394/131/10 392/132/10 396/132/10 398/131/10
f 391/133/6 392/132/6 437/134/6 438/135/6
f 394/131/6 393/136/6 331/137/6 332/138/6
f 393/136/6 391/133/6 438/135/6 331/137/6
f 392/132/6 394/131/6 332/138/6 437/134/6
f 398/131/6 396/132/6 395/139/6 397/140/6
f 391/133/8 393/136/8 397/140/8 395/139/8
f 392/132/7 391/133/7 395/139/7 396/132/7
f 393/136/4 394/131/4 398/131/4 397/140/4
f 461/25/8 357/28/8 365/27/8 311/26/8
f 402/131/8 406/131/8 404/132/8 400/132/8
f 399/133/6 438/135/6 432/134/6 400/132/6
f 402/131/6 324/138/6 331/137/6 401/136/6
f 401/136/6 331/137/6 438/135/6 399/133/6
f 400/132/6 432/134/6 324/138/6 402/131/6
f 406/131/6 405/140/6 403/139/6 404/132/6
f 399/133/10 403/139/10 405/140/10 401/136/10
f 400/132/7 404/132/7 403/139/7 399/133/7
f 401/136/4 405/140/4 406/131/4 402/131/4
f 410/131/8 414/131/8 412/132/8 408/132/8
f 407/133/6 446/135/6 437/134/6 408/132/6
f 410/131/6 332/138/6 339/137/6 409/136/6
f 409/136/6 339/137/6 446/135/6 407/133/6
f 408/132/6 437/134/6 332/138/6 410/131/6
f 414/131/6 413/140/6 411/139/6 412/132/6
f 407/133/10 411/139/10 413/140/10 409/136/10
f 408/132/7 412/132/7 411/139/7 407/133/7
f 409/136/4 413/140/4 414/131/4 410/131/4
f 418/131/8 422/131/8 420/132/8 416/132/8
f 415/133/6 454/135/6 445/134/6 416/132/6
f 418/131/6 340/138/6 347/137/6 417/136/6
f 417/136/6 347/137/6 454/135/6 415/133/6
f 416/132/6 445/134/6 340/138/6 418/131/6
f 422/131/6 421/140/6 419/139/6 420/132/6
f 415/133/10 419/139/10 421/140/10 417/136/10
f 416/132/7 420/132/7 419/139/7 415/133/7
f 417/136/4 421/140/4 422/131/4 418/131/4
f 426/131/8 430/131/8 428/132/8 424/132/8
f 423/133/6 462/135/6 453/134/6 424/132/6
f 426/131/6 348/138/6 356/137/6 425/136/6
f 425/136/6 356/137/6 462/135/6 423/133/6
f 424/132/6 453/134/6 348/138/6 426/131/6
f 430/131/6 429/140/6 427/139/6 428/132/6
f 423/133/10 427/139/10 429/140/10 425/136/10
f 424/132/7 428/132/7 427/139/7 423/133/7
f 425/136/4 429/140/4 430/131/4 426/131/4
f 320/11/4 431/12/4 436/13/4 319/14/4
f 436/13/5 431/12/5 433/15/5 440/16/5
f 440/17/6 433/18/6 434/19/6 442/20/6
f 432/21/7 438/22/7 442/23/7 434/24/7
f 318/11/4 319/14/4 436/13/4 435/12/4
f 436/13/5 440/16/5 439/15/5 435/12/5
f 440/17/6 442/20/6 441/19/6 439/18/6
f 437/21/7 441/24/7 442/23/7 438/22/7
f 318/11/4 435/12/4 444/13/4 317/14/4
f 444/13/5 435/12/5 439/15/5 448/16/5
f 448/17/6 439/18/6 441/19/6 450/20/6
f 437/21/7 446/22/7 450/23/7 441/24/7
f 316/11/4 317/14/4 444/13/4 443/12/4
f 444/13/5 448/16/5 447/15/5 443/12/5
f 448/17/6 450/20/6 449/19/6 447/18/6
f 445/21/7 449/24/7 450/23/7 446/22/7
f 316/11/4 443/12/4 452/13/4 315/14/4
f 452/13/5 443/12/5 447/15/5 456/16/5
f 456/17/6 447/18/6 449/19/6 458/20/6
f 445/21/7 454/22/7 458/23/7 449/24/7
f 314/11/4 315/14/4 452/13/4 451/12/4
f 452/13/5 456/16/5 455/15/5 451/12/5
f 456/17/6 458/20/6 457/19/6 455/18/6
f 453/21/7 457/24/7 458/23/7 454/22/7
f 314/11/4 451/12/4 460/13/4 313/14/4
f 460/13/5 451/12/5 455/15/5 464/16/5
f 464/17/6 455/18/6 457/19/6 466/20/6
f 453/21/7 462/22/7 466/23/7 457/24/7
f 312/11/4 313/14/4 460/13/4 459/12/4
f 460/13/5 464/16/5 463/15/5 459/12/5
f 464/17/6 466/20/6 465/19/6 463/18/6
f 461/21/7 465/24/7 466/23/7 462/22/7
f 461/84/8 311/27/8 312/28/8
f 312/107/8 459/108/8 463/109/8 465/110/8 461/111/8
f 255/141/6 468/87/6 254/90/6
f 251/93/6 252/142/6 467/143/6 468/91/6
f 432/21/7 434/24/7 929/23/7 511/22/7
f 928/17/12 929/20/12 434/19/12 433/18/12
f 927/13/13 928/16/13 433/15/13 431/12/13
f 320/11/4 472/14/4 927/13/4 431/12/4
f 505/136/4 506/131/4 510/131/4 509/140/4
f 469/132/7 470/133/7 507/139/7 508/132/7
f 470/133/14 505/136/14 509/140/14 507/139/14
f 510/131/12 508/132/12 507/139/12 509/140/12
f 469/132/12 506/131/12 324/138/12 432/134/12
f 505/136/12 470/133/12 511/135/12 471/137/12
f 506/131/12 505/136/12 471/137/12 324/138/12
f 470/133/12 469/132/12 432/134/12 511/135/12
f 506/131/15 469/132/15 508/132/15 510/131/15
f 324/11/4 471/14/4 823/13/4 323/12/4
f 823/13/13 822/16/13 322/15/13 323/12/13
f 822/112/12 821/115/12 321/114/12 322/113/12
f 476/59/15 474/60/15 478/60/15 480/59/15
f 473/61/12 474/60/12 5/57/12 502/62/12
f 476/59/12 475/63/12 472/64/12 320/58/12
f 475/63/12 473/61/12 502/62/12 472/64/12
f 474/60/12 476/59/12 320/58/12 5/57/12
f 480/59/12 478/60/12 477/65/12 479/66/12
f 473/61/14 475/63/14 479/66/14 477/65/14
f 474/60/7 473/61/7 477/65/7 478/60/7
f 475/63/4 476/59/4 480/59/4 479/66/4
f 69/60/7 68/61/7 72/65/7 73/60/7
f 70/63/4 71/59/4 85/59/4 84/66/4
f 89/59/10 123/59/10 91/60/10 87/60/10
f 86/61/11 1018/62/11 964/57/11 87/60/11
f 89/59/11 966/58/11 1020/64/11 88/63/11
f 88/63/11 1020/64/11 1018/62/11 86/61/11
f 87/60/11 964/57/11 966/58/11 89/59/11
f 123/59/11 122/66/11 90/65/11 91/60/11
f 86/61/8 90/65/8 122/66/8 88/63/8
f 498/55/7 492/55/7 489/56/7 495/56/7
f 497/35/14 491/53/14 492/54/14 498/38/14
f 496/34/4 490/34/4 491/53/4 497/35/4
f 491/49/12 490/52/12 489/51/12 492/50/12
f 13/45/12 8/48/12 494/47/12 495/46/12
f 501/41/12 499/44/12 498/43/12 493/42/12
f 496/34/12 9/36/12 13/40/12 495/33/12
f 498/38/12 499/39/12 500/37/12 497/35/12
f 497/35/12 500/37/12 9/36/12 496/34/12
f 495/33/15 489/33/15 490/34/15 496/34/15
f 495/29/12 494/32/12 493/31/12 498/30/12
f 2/21/7 12/24/7 517/23/7 504/22/7
f 516/17/16 517/20/16 12/19/16 11/18/16
f 515/13/13 516/16/13 11/15/13 10/12/13
f 9/11/4 500/14/4 515/13/4 10/12/4
f 5/21/7 7/24/7 514/23/7 502/22/7
f 513/17/12 514/20/12 7/19/12 6/18/12
f 512/13/13 513/16/13 6/15/13 4/12/13
f 503/11/4 539/14/4 541/13/4 512/12/4
f 541/13/17 545/16/17 513/15/17 512/12/17
f 545/17/10 547/20/10 514/19/10 513/18/10
f 502/21/7 514/24/7 547/23/7 543/22/7
f 87/60/7 91/60/7 90/65/7 86/61/7
f 500/11/4 551/14/4 553/13/4 515/12/4
f 553/13/17 555/16/17 516/15/17 515/12/17
f 555/17/18 557/20/18 517/19/18 516/18/18
f 504/21/7 517/24/7 557/23/7 537/22/7
f 521/29/10 522/32/10 523/31/10 518/30/10
f 521/33/11 527/33/11 526/34/11 520/34/11
f 519/35/10 551/37/10 500/36/10 520/34/10
f 518/38/10 559/39/10 551/37/10 519/35/10
f 520/34/10 500/36/10 499/40/10 521/33/10
f 549/41/10 559/44/10 518/43/10 523/42/10
f 499/45/10 501/48/10 522/47/10 521/46/10
f 525/49/10 526/52/10 527/51/10 524/50/10
f 520/34/4 526/34/4 525/53/4 519/35/4
f 519/35/6 525/53/6 524/54/6 518/38/6
f 518/55/7 524/55/7 527/56/7 521/56/7
f 88/63/4 122/66/4 123/59/4 89/59/4
f 127/59/10 141/59/10 129/60/10 125/60/10
f 124/61/11 1074/62/11 1017/57/11 125/60/11
f 127/59/11 1019/58/11 1076/64/11 126/63/11
f 126/63/11 1076/64/11 1074/62/11 124/61/11
f 125/60/11 1017/57/11 1019/58/11 127/59/11
f 141/59/11 140/66/11 128/65/11 129/60/11
f 124/61/8 128/65/8 140/66/8 126/63/8
f 538/11/4 540/12/4 541/13/4 539/14/4
f 541/13/17 540/12/17 544/15/17 545/16/17
f 545/17/10 544/18/10 546/19/10 547/20/10
f 542/21/7 543/22/7 547/23/7 546/24/7
f 550/11/4 552/12/4 553/13/4 551/14/4
f 553/13/17 552/12/17 554/15/17 555/16/17
f 555/17/18 554/18/18 556/19/18 557/20/18
f 536/21/7 537/22/7 557/23/7 556/24/7
f 563/29/10 560/30/10 565/31/10 564/32/10
f 563/33/6 562/34/6 568/34/6 569/33/6
f 561/35/10 562/34/10 550/36/10 551/37/10
f 560/38/10 561/35/10 551/37/10 559/39/10
f 562/34/10 563/33/10 558/40/10 550/36/10
f 549/41/10 565/42/10 560/43/10 559/44/10
f 558/45/10 563/46/10 564/47/10 548/48/10
f 567/49/10 566/50/10 569/51/10 568/52/10
f 562/34/4 561/35/4 567/53/4 568/34/4
f 561/35/11 560/38/11 566/54/11 567/53/11
f 560/55/7 563/56/7 569/56/7 566/55/7
f 125/60/7 129/60/7 128/65/7 124/61/7
f 126/63/4 140/66/4 141/59/4 127/59/4
f 1393/25/11 1394/28/11 748/27/11 746/26/11
f 189/59/6 193/59/6 191/60/6 187/60/6
f 186/61/10 702/62/10 701/57/10 187/60/10
f 189/59/10 703/58/10 704/64/10 188/63/10
f 188/63/10 704/64/10 702/62/10 186/61/10
f 187/60/10 701/57/10 703/58/10 189/59/10
f 193/59/10 192/66/10 190/65/10 191/60/10
f 538/11/4 599/14/4 601/13/4 540/12/4
f 601/13/17 605/16/17 544/15/17 540/12/17
f 605/17/10 607/20/10 546/19/10 544/18/10
f 542/21/7 546/24/7 607/23/7 603/22/7
f 186/61/11 190/65/11 192/66/11 188/63/11
f 550/11/4 611/14/4 613/13/4 552/12/4
f 613/13/17 615/16/17 554/15/17 552/12/17
f 615/17/18 617/20/18 556/19/18 554/18/18
f 536/21/7 556/24/7 617/23/7 597/22/7
f 581/29/10 582/32/10 583/31/10 578/30/10
f 581/33/11 587/33/11 586/34/11 580/34/11
f 579/35/10 611/37/10 550/36/10 580/34/10
f 578/38/10 619/39/10 611/37/10 579/35/10
f 580/34/10 550/36/10 558/40/10 581/33/10
f 609/41/10 619/44/10 578/43/10 583/42/10
f 558/45/10 548/48/10 582/47/10 581/46/10
f 585/49/10 586/52/10 587/51/10 584/50/10
f 580/34/4 586/34/4 585/53/4 579/35/4
f 579/35/6 585/53/6 584/54/6 578/38/6
f 578/55/7 584/55/7 587/56/7 581/56/7
f 187/60/7 191/60/7 190/65/7 186/61/7
f 188/63/4 192/66/4 193/59/4 189/59/4
f 231/59/6 235/59/6 233/60/6 229/60/6
f 228/61/10 651/62/10 650/57/10 229/60/10
f 231/59/10 652/58/10 653/64/10 230/63/10
f 230/63/10 653/64/10 651/62/10 228/61/10
f 229/60/10 650/57/10 652/58/10 231/59/10
f 235/59/10 234/66/10 232/65/10 233/60/10
f 598/11/4 600/12/4 601/13/4 599/14/4
f 601/13/17 600/12/17 604/15/17 605/16/17
f 605/17/10 604/18/10 606/19/10 607/20/10
f 602/21/7 603/22/7 607/23/7 606/24/7
f 610/11/4 612/12/4 613/13/4 611/14/4
f 613/13/17 612/12/17 614/15/17 615/16/17
f 615/17/18 614/18/18 616/19/18 617/20/18
f 596/21/7 597/22/7 617/23/7 616/24/7
f 623/67/6 759/70/6 760/69/6 624/68/6
f 621/71/4 757/75/4 962/74/4 758/73/4 622/72/4
f 621/76/10 622/77/10 610/36/10 611/37/10
f 620/78/10 621/76/10 611/37/10 619/39/10
f 622/77/10 623/79/10 618/40/10 610/36/10
f 609/41/10 625/81/10 620/80/10 619/44/10
f 618/45/10 623/83/10 624/82/10 608/48/10
f 228/61/11 232/65/11 234/66/11 230/63/11
f 229/60/7 233/60/7 232/65/7 228/61/7
f 230/63/4 234/66/4 235/59/4 231/59/4
f 484/59/6 488/59/6 486/60/6 482/60/6
f 481/61/10 597/62/10 596/57/10 482/60/10
f 484/59/10 598/58/10 599/64/10 483/63/10
f 483/63/10 599/64/10 597/62/10 481/61/10
f 482/60/10 596/57/10 598/58/10 484/59/10
f 488/59/10 487/66/10 485/65/10 486/60/10
f 598/11/4 653/14/4 655/13/4 600/12/4
f 655/13/17 659/16/17 604/15/17 600/12/17
f 659/17/10 661/20/10 606/19/10 604/18/10
f 602/21/7 606/24/7 661/23/7 657/22/7
f 481/61/11 485/65/11 487/66/11 483/63/11
f 610/11/4 665/14/4 667/13/4 612/12/4
f 667/13/17 669/16/17 614/15/17 612/12/17
f 669/17/18 671/20/18 616/19/18 614/18/18
f 596/21/7 616/24/7 671/23/7 651/22/7
f 637/29/10 638/32/10 639/31/10 634/30/10
f 637/33/11 643/33/11 642/34/11 636/34/11
f 635/35/10 665/37/10 610/36/10 636/34/10
f 634/38/10 673/39/10 665/37/10 635/35/10
f 636/34/10 610/36/10 618/40/10 637/33/10
f 663/41/10 673/44/10 634/43/10 639/42/10
f 618/45/10 608/48/10 638/47/10 637/46/10
f 641/49/10 642/52/10 643/51/10 640/50/10
f 636/34/4 642/34/4 641/53/4 635/35/4
f 635/35/6 641/53/6 640/54/6 634/38/6
f 634/55/7 640/55/7 643/56/7 637/56/7
f 482/60/7 486/60/7 485/65/7 481/61/7
f 483/63/4 487/66/4 488/59/4 484/59/4
f 531/59/6 535/59/6 533/60/6 529/60/6
f 528/61/10 537/62/10 536/57/10 529/60/10
f 531/59/10 538/58/10 539/64/10 530/63/10
f 530/63/10 539/64/10 537/62/10 528/61/10
f 529/60/10 536/57/10 538/58/10 531/59/10
f 535/59/10 534/66/10 532/65/10 533/60/10
f 652/11/4 654/12/4 655/13/4 653/14/4
f 655/13/17 654/12/17 658/15/17 659/16/17
f 659/17/10 658/18/10 660/19/10 661/20/10
f 656/21/7 657/22/7 661/23/7 660/24/7
f 664/11/4 666/12/4 667/13/4 665/14/4
f 667/13/17 666/12/17 668/15/17 669/16/17
f 669/17/18 668/18/18 670/19/18 671/20/18
f 650/21/7 651/22/7 671/23/7 670/24/7
f 677/29/10 674/30/10 679/31/10 678/32/10
f 677/33/6 676/34/6 682/34/6 683/33/6
f 675/35/10 676/34/10 664/36/10 665/37/10
f 674/38/10 675/35/10 665/37/10 673/39/10
f 676/34/10 677/33/10 672/40/10 664/36/10
f 663/41/10 679/42/10 674/43/10 673/44/10
f 672/45/10 677/46/10 678/47/10 662/48/10
f 681/49/10 680/50/10 683/51/10 682/52/10
f 676/34/4 675/35/4 681/53/4 682/34/4
f 675/35/11 674/38/11 680/54/11 681/53/11
f 674/55/7 677/56/7 683/56/7 680/55/7
f 528/61/11 532/65/11 534/66/11 530/63/11
f 529/60/7 533/60/7 532/65/7 528/61/7
f 530/63/4 534/66/4 535/59/4 531/59/4
f 573/59/11 571/60/11 575/60/11 577/59/11
f 570/61/10 571/60/10 504/57/10 537/62/10
f 573/59/10 572/63/10 539/64/10 503/58/10
f 572/63/10 570/61/10 537/62/10 539/64/10
f 571/60/10 573/59/10 503/58/10 504/57/10
f 577/59/10 575/60/10 574/65/10 576/66/10
f 652/11/4 704/14/4 706/13/4 654/12/4
f 706/13/17 710/16/17 658/15/17 654/12/17
f 710/17/10 712/20/10 660/19/10 658/18/10
f 656/21/7 660/24/7 712/23/7 708/22/7
f 570/61/6 572/63/6 576/66/6 574/65/6
f 664/11/4 715/14/4 717/13/4 666/12/4
f 717/13/17 719/16/17 668/15/17 666/12/17
f 719/17/18 721/20/18 670/19/18 668/18/18
f 650/21/7 670/24/7 721/23/7 702/22/7
f 689/29/10 690/32/10 691/31/10 686/30/10
f 689/33/11 695/33/11 694/34/11 688/34/11
f 687/35/10 715/37/10 664/36/10 688/34/10
f 686/38/10 723/39/10 715/37/10 687/35/10
f 688/34/10 664/36/10 672/40/10 689/33/10
f 672/45/10 662/48/10 690/47/10 689/46/10
f 693/49/10 694/52/10 695/51/10 692/50/10
f 688/34/4 694/34/4 693/53/4 687/35/4
f 687/35/6 693/53/6 692/54/6 686/38/6
f 686/55/7 692/55/7 695/56/7 689/56/7
f 571/60/7 570/61/7 574/65/7 575/60/7
f 572/63/4 573/59/4 577/59/4 576/66/4
f 591/59/11 589/60/11 593/60/11 595/59/11
f 588/61/10 589/60/10 536/57/10 597/62/10
f 591/59/10 590/63/10 599/64/10 538/58/10
f 590/63/10 588/61/10 597/62/10 599/64/10
f 589/60/10 591/59/10 538/58/10 536/57/10
f 595/59/10 593/60/10 592/65/10 594/66/10
f 703/11/4 705/12/4 706/13/4 704/14/4
f 706/13/17 705/12/17 709/15/17 710/16/17
f 710/17/10 709/18/10 711/19/10 712/20/10
f 707/21/7 708/22/7 712/23/7 711/24/7
f 714/11/4 716/12/4 717/13/4 715/14/4
f 717/13/17 716/12/17 718/15/17 719/16/17
f 719/17/18 718/18/18 720/19/18 721/20/18
f 701/21/7 702/22/7 721/23/7 720/24/7
f 727/29/10 724/30/10 729/31/10 728/32/10
f 727/33/6 726/34/6 732/34/6 733/33/6
f 725/35/10 726/34/10 714/36/10 715/37/10
f 724/38/10 725/35/10 715/37/10 723/39/10
f 726/34/10 727/33/10 722/40/10 714/36/10
f 722/45/10 727/46/10 728/47/10 713/48/10
f 731/49/10 730/50/10 733/51/10 732/52/10
f 726/34/4 725/35/4 731/53/4 732/34/4
f 725/35/11 724/38/11 730/54/11 731/53/11
f 724/55/7 727/56/7 733/56/7 730/55/7
f 588/61/6 590/63/6 594/66/6 592/65/6
f 589/60/7 588/61/7 592/65/7 593/60/7
f 590/63/4 591/59/4 595/59/4 594/66/4
f 629/59/11 627/60/11 631/60/11 633/59/11
f 626/61/10 627/60/10 596/57/10 651/62/10
f 629/59/10 628/63/10 653/64/10 598/58/10
f 628/63/10 626/61/10 651/62/10 653/64/10
f 627/60/10 629/59/10 598/58/10 596/57/10
f 633/59/10 631/60/10 630/65/10 632/66/10
f 707/84/11 703/28/11 748/27/11
f 956/84/11 813/28/11 745/27/11
f 956/25/11 745/26/11 1578/27/11 855/28/11
f 1581/25/11 1578/121/11 1579/120/11
f 1581/84/11 855/28/11 1578/27/11
f 707/25/11 748/26/11 745/27/11 813/28/11
f 701/84/11 714/28/11 746/27/11
f 1580/25/11 747/86/11 746/27/11 714/28/11 722/85/11
f 626/61/6 628/63/6 632/66/6 630/65/6
f 963/87/10 759/90/10 758/89/10 962/88/10
f 963/91/10 756/93/10 761/92/10
f 620/94/11 756/97/11 757/96/11 621/95/11
f 625/68/11 761/69/11 756/70/11 620/67/11
f 622/98/6 758/101/6 759/100/6 623/99/6
f 1451/107/11 1540/108/11 1542/109/11 1543/110/11 1541/111/11
f 1541/84/11 745/27/11 1451/28/11
f 742/63/4 741/59/4 737/59/4 738/66/4
f 743/60/7 744/61/7 740/65/7 739/60/7
f 744/61/6 742/63/6 738/66/6 740/65/6
f 737/59/10 739/60/10 740/65/10 738/66/10
f 743/60/10 741/59/10 815/58/10 656/57/10
f 742/63/10 744/61/10 708/62/10 814/64/10
f 741/59/10 742/63/10 814/64/10 815/58/10
f 744/61/10 743/60/10 656/57/10 708/62/10
f 741/59/11 743/60/11 739/60/11 737/59/11
f 762/63/4 755/59/4 749/59/4 750/66/4
f 763/60/7 764/61/7 754/65/7 751/60/7
f 764/61/6 762/63/6 750/66/6 754/65/6
f 749/59/10 751/60/10 754/65/10 750/66/10
f 763/60/10 755/59/10 817/58/10 602/57/10
f 762/63/10 764/61/10 657/62/10 816/64/10
f 755/59/10 762/63/10 816/64/10 817/58/10
f 764/61/10 763/60/10 602/57/10 657/62/10
f 755/59/11 763/60/11 751/60/11 749/59/11
f 770/63/4 769/59/4 765/59/4 766/66/4
f 771/60/7 772/61/7 768/65/7 767/60/7
f 772/61/6 770/63/6 766/66/6 768/65/6
f 765/59/10 767/60/10 768/65/10 766/66/10
f 771/60/10 769/59/10 819/58/10 542/57/10
f 770/63/10 772/61/10 603/62/10 818/64/10
f 769/59/10 770/63/10 818/64/10 819/58/10
f 772/61/10 771/60/10 542/57/10 603/62/10
f 769/59/11 771/60/11 767/60/11 765/59/11
f 778/63/4 777/59/4 773/59/4 774/66/4
f 779/60/7 780/61/7 776/65/7 775/60/7
f 780/61/6 778/63/6 774/66/6 776/65/6
f 773/59/10 775/60/10 776/65/10 774/66/10
f 779/60/10 777/59/10 472/58/10 502/57/10
f 778/63/10 780/61/10 543/62/10 820/64/10
f 777/59/10 778/63/10 820/64/10 472/58/10
f 780/61/10 779/60/10 502/57/10 543/62/10
f 777/59/11 779/60/11 775/60/11 773/59/11
f 1541/25/11 1479/28/11 1578/27/11 745/26/11
f 1476/126/11 1577/127/11 1479/128/11 1478/129/11 1477/130/11
f 786/63/4 782/66/4 781/59/4 785/59/4
f 787/60/7 783/60/7 784/65/7 788/61/7
f 788/61/11 784/65/11 782/66/11 786/63/11
f 781/59/10 782/66/10 784/65/10 783/60/10
f 787/60/10 542/57/10 819/58/10 785/59/10
f 786/63/10 820/64/10 543/62/10 788/61/10
f 785/59/10 819/58/10 820/64/10 786/63/10
f 788/61/10 543/62/10 542/57/10 787/60/10
f 785/59/6 781/59/6 783/60/6 787/60/6
f 794/63/4 790/66/4 789/59/4 793/59/4
f 795/60/7 791/60/7 792/65/7 796/61/7
f 796/61/11 792/65/11 790/66/11 794/63/11
f 789/59/10 790/66/10 792/65/10 791/60/10
f 795/60/10 602/57/10 817/58/10 793/59/10
f 794/63/10 818/64/10 603/62/10 796/61/10
f 793/59/10 817/58/10 818/64/10 794/63/10
f 796/61/10 603/62/10 602/57/10 795/60/10
f 793/59/6 789/59/6 791/60/6 795/60/6
f 802/63/4 798/66/4 797/59/4 801/59/4
f 803/60/7 799/60/7 800/65/7 804/61/7
f 804/61/11 800/65/11 798/66/11 802/63/11
f 797/59/10 798/66/10 800/65/10 799/60/10
f 803/60/10 656/57/10 815/58/10 801/59/10
f 802/63/10 816/64/10 657/62/10 804/61/10
f 801/59/10 815/58/10 816/64/10 802/63/10
f 804/61/10 657/62/10 656/57/10 803/60/10
f 801/59/6 797/59/6 799/60/6 803/60/6
f 810/63/4 806/66/4 805/59/4 809/59/4
f 811/60/7 807/60/7 808/65/7 812/61/7
f 812/61/11 808/65/11 806/66/11 810/63/11
f 805/59/10 806/66/10 808/65/10 807/60/10
f 811/60/10 707/57/10 813/58/10 809/59/10
f 810/63/10 814/64/10 708/62/10 812/61/10
f 809/59/10 813/58/10 814/64/10 810/63/10
f 812/61/10 708/62/10 707/57/10 811/60/10
f 809/59/6 805/59/6 807/60/6 811/60/6
f 826/112/10 824/115/10 821/114/10 822/113/10
f 828/13/17 826/16/17 822/15/17 823/12/17
f 471/11/4 830/14/4 828/13/4 823/12/4
f 826/112/10 827/113/10 825/114/10 824/115/10
f 828/13/17 829/12/17 827/15/17 826/16/17
f 831/11/4 829/12/4 828/13/4 830/14/4
f 834/112/10 832/115/10 825/114/10 827/113/10
f 836/13/17 834/16/17 827/15/17 829/12/17
f 831/11/4 838/14/4 836/13/4 829/12/4
f 834/112/10 835/113/10 833/114/10 832/115/10
f 836/13/17 837/12/17 835/15/17 834/16/17
f 839/11/4 837/12/4 836/13/4 838/14/4
f 842/112/10 840/115/10 833/114/10 835/113/10
f 844/13/17 842/16/17 835/15/17 837/12/17
f 839/11/4 846/14/4 844/13/4 837/12/4
f 842/112/10 843/113/10 841/114/10 840/115/10
f 844/13/17 845/12/17 843/15/17 842/16/17
f 847/11/4 845/12/4 844/13/4 846/14/4
f 850/112/10 848/115/10 841/114/10 843/113/10
f 852/13/17 850/16/17 843/15/17 845/12/17
f 847/11/4 854/14/4 852/13/4 845/12/4
f 1577/25/11 1579/120/11 1578/121/11
f 850/112/10 851/113/10 849/114/10 848/115/10
f 852/13/17 853/12/17 851/15/17 850/16/17
f 855/11/4 853/12/4 852/13/4 854/14/4
f 1577/84/11 1578/27/11 1479/28/11
f 1476/116/11 862/117/11 1579/118/11 1577/119/11
f 1396/25/11 1451/28/11 745/27/11 748/26/11
f 861/122/2 848/125/2 849/124/2 862/123/2
f 860/122/2 841/125/2 848/124/2 861/123/2
f 859/122/2 840/125/2 841/124/2 860/123/2
f 858/122/2 833/125/2 840/124/2 859/123/2
f 857/122/2 832/125/2 833/124/2 858/123/2
f 856/122/2 825/125/2 832/124/2 857/123/2
f 1394/107/11 1395/108/11 1397/109/11 1398/110/11 1396/111/11
f 866/131/6 870/131/6 868/132/6 864/132/6
f 863/133/10 957/135/10 956/134/10 864/132/10
f 866/131/10 855/138/10 854/137/10 865/136/10
f 865/136/10 854/137/10 957/135/10 863/133/10
f 864/132/10 956/134/10 855/138/10 866/131/10
f 870/131/10 869/140/10 867/139/10 868/132/10
f 863/133/11 867/139/11 869/140/11 865/136/11
f 864/132/7 868/132/7 867/139/7 863/133/7
f 865/136/4 869/140/4 870/131/4 866/131/4
f 874/131/6 878/131/6 876/132/6 872/132/6
f 871/133/10 949/135/10 948/134/10 872/132/10
f 874/131/10 847/138/10 846/137/10 873/136/10
f 873/136/10 846/137/10 949/135/10 871/133/10
f 872/132/10 948/134/10 847/138/10 874/131/10
f 878/131/10 877/140/10 875/139/10 876/132/10
f 871/133/11 875/139/11 877/140/11 873/136/11
f 872/132/7 876/132/7 875/139/7 871/133/7
f 873/136/4 877/140/4 878/131/4 874/131/4
f 882/131/6 886/131/6 884/132/6 880/132/6
f 879/133/10 941/135/10 940/134/10 880/132/10
f 882/131/10 839/138/10 838/137/10 881/136/10
f 881/136/10 838/137/10 941/135/10 879/133/10
f 880/132/10 940/134/10 839/138/10 882/131/10
f 886/131/10 885/140/10 883/139/10 884/132/10
f 879/133/11 883/139/11 885/140/11 881/136/11
f 880/132/7 884/132/7 883/139/7 879/133/7
f 881/136/4 885/140/4 886/131/4 882/131/4
f 890/131/6 894/131/6 892/132/6 888/132/6
f 887/133/10 933/135/10 932/134/10 888/132/10
f 890/131/10 831/138/10 830/137/10 889/136/10
f 889/136/10 830/137/10 933/135/10 887/133/10
f 888/132/10 932/134/10 831/138/10 890/131/10
f 894/131/10 893/140/10 891/139/10 892/132/10
f 887/133/11 891/139/11 893/140/11 889/136/11
f 888/132/7 892/132/7 891/139/7 887/133/7
f 889/136/4 893/140/4 894/131/4 890/131/4
f 1401/102/11 1402/103/11 1403/104/11 1393/105/11 1400/106/11
f 1393/84/11 746/27/11 1400/28/11
f 898/131/11 896/132/11 900/132/11 902/131/11
f 895/133/10 896/132/10 511/134/10 933/135/10
f 898/131/10 897/136/10 830/137/10 471/138/10
f 897/136/10 895/133/10 933/135/10 830/137/10
f 896/132/10 898/131/10 471/138/10 511/134/10
f 902/131/10 900/132/10 899/139/10 901/140/10
f 895/133/6 897/136/6 901/140/6 899/139/6
f 896/132/7 895/133/7 899/139/7 900/132/7
f 897/136/4 898/131/4 902/131/4 901/140/4
f 906/131/11 904/132/11 908/132/11 910/131/11
f 903/133/10 904/132/10 932/134/10 941/135/10
f 906/131/10 905/136/10 838/137/10 831/138/10
f 905/136/10 903/133/10 941/135/10 838/137/10
f 904/132/10 906/131/10 831/138/10 932/134/10
f 910/131/10 908/132/10 907/139/10 909/140/10
f 903/133/6 905/136/6 909/140/6 907/139/6
f 904/132/7 903/133/7 907/139/7 908/132/7
f 905/136/4 906/131/4 910/131/4 909/140/4
f 914/131/11 912/132/11 916/132/11 918/131/11
f 911/133/10 912/132/10 940/134/10 949/135/10
f 914/131/10 913/136/10 846/137/10 839/138/10
f 913/136/10 911/133/10 949/135/10 846/137/10
f 912/132/10 914/131/10 839/138/10 940/134/10
f 918/131/10 916/132/10 915/139/10 917/140/10
f 911/133/6 913/136/6 917/140/6 915/139/6
f 912/132/7 911/133/7 915/139/7 916/132/7
f 913/136/4 914/131/4 918/131/4 917/140/4
f 922/131/11 920/132/11 924/132/11 926/131/11
f 919/133/10 920/132/10 948/134/10 957/135/10
f 922/131/10 921/136/10 854/137/10 847/138/10
f 921/136/10 919/133/10 957/135/10 854/137/10
f 920/132/10 922/131/10 847/138/10 948/134/10
f 926/131/10 924/132/10 923/139/10 925/140/10
f 919/133/6 921/136/6 925/140/6 923/139/6
f 920/132/7 919/133/7 923/139/7 924/132/7
f 921/136/4 922/131/4 926/131/4 925/140/4
f 472/11/4 820/14/4 931/13/4 927/12/4
f 931/13/17 935/16/17 928/15/17 927/12/17
f 935/17/10 937/20/10 929/19/10 928/18/10
f 511/21/7 929/24/7 937/23/7 933/22/7
f 819/11/4 930/12/4 931/13/4 820/14/4
f 931/13/17 930/12/17 934/15/17 935/16/17
f 935/17/10 934/18/10 936/19/10 937/20/10
f 932/21/7 933/22/7 937/23/7 936/24/7
f 819/11/4 818/14/4 939/13/4 930/12/4
f 939/13/17 943/16/17 934/15/17 930/12/17
f 943/17/10 945/20/10 936/19/10 934/18/10
f 932/21/7 936/24/7 945/23/7 941/22/7
f 817/11/4 938/12/4 939/13/4 818/14/4
f 939/13/17 938/12/17 942/15/17 943/16/17
f 943/17/10 942/18/10 944/19/10 945/20/10
f 940/21/7 941/22/7 945/23/7 944/24/7
f 817/11/4 816/14/4 947/13/4 938/12/4
f 947/13/17 951/16/17 942/15/17 938/12/17
f 951/17/10 953/20/10 944/19/10 942/18/10
f 940/21/7 944/24/7 953/23/7 949/22/7
f 815/11/4 946/12/4 947/13/4 816/14/4
f 947/13/17 946/12/17 950/15/17 951/16/17
f 951/17/10 950/18/10 952/19/10 953/20/10
f 948/21/7 949/22/7 953/23/7 952/24/7
f 815/11/4 814/14/4 955/13/4 946/12/4
f 955/13/17 959/16/17 950/15/17 946/12/17
f 959/17/10 961/20/10 952/19/10 950/18/10
f 948/21/7 952/24/7 961/23/7 957/22/7
f 813/11/4 954/12/4 955/13/4 814/14/4
f 955/13/17 954/12/17 958/15/17 959/16/17
f 959/17/10 958/18/10 960/19/10 961/20/10
f 956/21/7 957/22/7 961/23/7 960/24/7
f 1399/25/11 1404/85/11 1400/28/11 746/27/11 747/86/11
f 1396/84/11 748/27/11 1394/28/11
f 627/60/7 626/61/7 630/65/7 631/60/7
f 760/141/10 759/90/10 963/87/10
f 756/93/10 963/91/10 962/143/10 757/142/10
f 966/11/4 967/14/4 969/13/4 968/12/4
f 969/13/19 973/16/19 972/15/19 968/12/19
f 973/17/11 975/20/11 974/19/11 972/18/11
f 970/21/7 974/24/7 975/23/7 971/22/7
f 978/11/4 979/14/4 981/13/4 980/12/4
f 981/13/19 983/16/19 982/15/19 980/12/19
f 983/17/20 1576/20/20 984/19/20 982/18/20
f 964/21/7 984/24/7 1576/23/7 965/22/7
f 990/29/11 991/32/11 992/31/11 987/30/11
f 990/33/8 996/33/8 995/34/8 989/34/8
f 988/35/11 979/37/11 978/36/11 989/34/11
f 987/38/11 986/39/11 979/37/11 988/35/11
f 989/34/11 978/36/11 985/40/11 990/33/11
f 977/41/11 986/44/11 987/43/11 992/42/11
f 985/45/11 976/48/11 991/47/11 990/46/11
f 994/49/11 995/52/11 996/51/11 993/50/11
f 989/34/4 995/34/4 994/53/4 988/35/4
f 988/35/10 994/53/10 993/54/10 987/38/10
f 987/55/7 993/55/7 996/56/7 990/56/7
f 628/63/4 629/59/4 633/59/4 632/66/4
f 647/59/11 645/60/11 649/60/11 685/59/11
f 644/61/10 645/60/10 650/57/10 702/62/10
f 647/59/10 646/63/10 704/64/10 652/58/10
f 646/63/10 644/61/10 702/62/10 704/64/10
f 645/60/10 647/59/10 652/58/10 650/57/10
f 685/59/10 649/60/10 648/65/10 684/66/10
f 644/61/6 646/63/6 684/66/6 648/65/6
f 645/60/7 644/61/7 648/65/7 649/60/7
f 966/11/4 968/12/4 1022/13/4 1020/14/4
f 1022/13/19 968/12/19 972/15/19 1026/16/19
f 1026/17/11 972/18/11 974/19/11 1028/20/11
f 970/21/7 1024/22/7 1028/23/7 974/24/7
f 646/63/4 647/59/4 685/59/4 684/66/4
f 978/11/4 980/12/4 1034/13/4 1032/14/4
f 1034/13/19 980/12/19 982/15/19 1036/16/19
f 1036/17/21 982/18/21 984/19/21 1038/20/21
f 964/21/7 1018/22/7 1038/23/7 984/24/7
f 1002/29/11 999/30/11 1004/31/11 1003/32/11
f 1002/33/10 1001/34/10 1007/34/10 1008/33/10
f 1000/35/11 1001/34/11 978/36/11 1032/37/11
f 999/38/11 1000/35/11 1032/37/11 1040/39/11
f 1001/34/11 1002/33/11 985/40/11 978/36/11
f 1030/41/11 1004/42/11 999/43/11 1040/44/11
f 985/45/11 1002/46/11 1003/47/11 976/48/11
f 1006/49/11 1005/50/11 1008/51/11 1007/52/11
f 1001/34/4 1000/35/4 1006/53/4 1007/34/4
f 1000/35/8 999/38/8 1005/54/8 1006/53/8
f 999/55/7 1002/56/7 1008/56/7 1005/55/7
f 701/25/11 746/26/11 748/27/11 703/28/11
f 734/63/4 700/59/4 696/59/4 697/66/4
f 735/60/7 736/61/7 699/65/7 698/60/7
f 736/61/14 734/63/14 697/66/14 699/65/14
f 696/59/12 698/60/12 699/65/12 697/66/12
f 735/60/12 700/59/12 3/58/12 2/57/12
f 734/63/12 736/61/12 504/62/12 503/64/12
f 700/59/12 734/63/12 503/64/12 3/58/12
f 1019/11/4 1020/14/4 1022/13/4 1021/12/4
f 1022/13/19 1026/16/19 1025/15/19 1021/12/19
f 1026/17/11 1028/20/11 1027/19/11 1025/18/11
f 1023/21/7 1027/24/7 1028/23/7 1024/22/7
f 1031/11/4 1032/14/4 1034/13/4 1033/12/4
f 1034/13/19 1036/16/19 1035/15/19 1033/12/19
f 1036/17/21 1038/20/21 1037/19/21 1035/18/21
f 1017/21/7 1037/24/7 1038/23/7 1018/22/7
f 1044/67/8 1045/68/8 1124/69/8 1123/70/8
f 1042/71/4 1043/72/4 1122/73/4 1255/74/4 1121/75/4
f 1042/76/11 1032/37/11 1031/36/11 1043/77/11
f 1041/78/11 1040/39/11 1032/37/11 1042/76/11
f 1043/77/11 1031/36/11 1039/40/11 1044/79/11
f 1030/41/11 1040/44/11 1041/80/11 1046/81/11
f 1039/45/11 1029/48/11 1045/82/11 1044/83/11
f 736/61/12 735/60/12 2/57/12 504/62/12
f 700/59/15 735/60/15 698/60/15 696/59/15
f 1010/59/10 998/60/10 1012/60/10 1014/59/10
f 997/61/6 998/60/6 194/57/6 195/62/6
f 1010/59/6 1009/63/6 197/64/6 196/58/6
f 1009/63/6 997/61/6 195/62/6 197/64/6
f 998/60/6 1010/59/6 196/58/6 194/57/6
f 1014/59/6 1012/60/6 1011/65/6 1013/66/6
f 997/61/8 1009/63/8 1013/66/8 1011/65/8
f 1019/11/4 1021/12/4 1078/13/4 1076/14/4
f 1078/13/19 1021/12/19 1025/15/19 1082/16/19
f 1082/17/11 1025/18/11 1027/19/11 1084/20/11
f 1023/21/7 1080/22/7 1084/23/7 1027/24/7
f 998/60/7 997/61/7 1011/65/7 1012/60/7
f 1031/11/4 1033/12/4 1090/13/4 1088/14/4
f 1090/13/19 1033/12/19 1035/15/19 1092/16/19
f 1092/17/21 1035/18/21 1037/19/21 1094/20/21
f 1017/21/7 1074/22/7 1094/23/7 1037/24/7
f 1058/29/11 1055/30/11 1060/31/11 1059/32/11
f 1058/33/10 1057/34/10 1063/34/10 1064/33/10
f 1056/35/11 1057/34/11 1031/36/11 1088/37/11
f 1055/38/11 1056/35/11 1088/37/11 1096/39/11
f 1057/34/11 1058/33/11 1039/40/11 1031/36/11
f 1086/41/11 1060/42/11 1055/43/11 1096/44/11
f 1039/45/11 1058/46/11 1059/47/11 1029/48/11
f 1062/49/11 1061/50/11 1064/51/11 1063/52/11
f 1057/34/4 1056/35/4 1062/53/4 1063/34/4
f 1056/35/8 1055/38/8 1061/54/8 1062/53/8
f 1055/55/7 1058/56/7 1064/56/7 1061/55/7
f 1009/63/4 1010/59/4 1014/59/4 1013/66/4
f 1048/59/10 1016/60/10 1050/60/10 1052/59/10
f 1015/61/6 1016/60/6 142/57/6 143/62/6
f 1048/59/6 1047/63/6 145/64/6 144/58/6
f 1047/63/6 1015/61/6 143/62/6 145/64/6
f 1016/60/6 1048/59/6 144/58/6 142/57/6
f 1052/59/6 1050/60/6 1049/65/6 1051/66/6
f 1015/61/8 1047/63/8 1051/66/8 1049/65/8
f 1075/11/4 1076/14/4 1078/13/4 1077/12/4
f 1078/13/19 1082/16/19 1081/15/19 1077/12/19
f 1082/17/11 1084/20/11 1083/19/11 1081/18/11
f 1079/21/7 1083/24/7 1084/23/7 1080/22/7
f 1087/11/4 1088/14/4 1090/13/4 1089/12/4
f 1090/13/19 1092/16/19 1091/15/19 1089/12/19
f 1092/17/21 1094/20/21 1093/19/21 1091/18/21
f 1073/21/7 1093/24/7 1094/23/7 1074/22/7
f 1100/29/11 1101/32/11 1102/31/11 1097/30/11
f 1100/33/8 1106/33/8 1105/34/8 1099/34/8
f 1098/35/11 1088/37/11 1087/36/11 1099/34/11
f 1097/38/11 1096/39/11 1088/37/11 1098/35/11
f 1099/34/11 1087/36/11 1095/40/11 1100/33/11
f 1086/41/11 1096/44/11 1097/43/11 1102/42/11
f 1095/45/11 1085/48/11 1101/47/11 1100/46/11
f 1104/49/11 1105/52/11 1106/51/11 1103/50/11
f 1099/34/4 1105/34/4 1104/53/4 1098/35/4
f 1098/35/10 1104/53/10 1103/54/10 1097/38/10
f 1097/55/7 1103/55/7 1106/56/7 1100/56/7
f 1016/60/7 1015/61/7 1049/65/7 1050/60/7
f 1047/63/4 1048/59/4 1052/59/4 1051/66/4
f 1066/59/10 1054/60/10 1068/60/10 1070/59/10
f 1053/61/6 1054/60/6 92/57/6 93/62/6
f 1066/59/6 1065/63/6 95/64/6 94/58/6
f 1065/63/6 1053/61/6 93/62/6 95/64/6
f 1054/60/6 1066/59/6 94/58/6 92/57/6
f 1070/59/6 1068/60/6 1067/65/6 1069/66/6
f 1053/61/8 1065/63/8 1069/66/8 1067/65/8
f 1256/87/11 1255/88/11 1122/89/11 1123/90/11
f 1256/91/11 1125/92/11 1120/93/11
f 1041/94/10 1042/95/10 1121/96/10 1120/97/10
f 1046/68/10 1041/67/10 1120/70/10 1125/69/10
f 1043/98/8 1044/99/8 1123/100/8 1122/101/8
f 1126/63/4 1116/66/4 1115/59/4 1119/59/4
f 1127/60/7 1117/60/7 1118/65/7 1128/61/7
f 1128/61/8 1118/65/8 1116/66/8 1126/63/8
f 1115/59/11 1116/66/11 1118/65/11 1117/60/11
f 1127/60/11 1023/57/11 1163/58/11 1119/59/11
f 1126/63/11 1162/64/11 1080/62/11 1128/61/11
f 1119/59/11 1163/58/11 1162/64/11 1126/63/11
f 1128/61/11 1080/62/11 1023/57/11 1127/60/11
f 1119/59/10 1115/59/10 1117/60/10 1127/60/10
f 1134/63/4 1130/66/4 1129/59/4 1133/59/4
f 1135/60/7 1131/60/7 1132/65/7 1136/61/7
f 1136/61/8 1132/65/8 1130/66/8 1134/63/8
f 1129/59/11 1130/66/11 1132/65/11 1131/60/11
f 1135/60/11 970/57/11 1165/58/11 1133/59/11
f 1134/63/11 1164/64/11 1024/62/11 1136/61/11
f 1133/59/11 1165/58/11 1164/64/11 1134/63/11
f 1136/61/11 1024/62/11 970/57/11 1135/60/11
f 1133/59/10 1129/59/10 1131/60/10 1135/60/10
f 1142/63/4 1141/59/4 1137/59/4 1138/66/4
f 1143/60/7 1144/61/7 1140/65/7 1139/60/7
f 1144/61/10 1142/63/10 1138/66/10 1140/65/10
f 1137/59/11 1139/60/11 1140/65/11 1138/66/11
f 1143/60/11 1141/59/11 1165/58/11 970/57/11
f 1142/63/11 1144/61/11 971/62/11 1166/64/11
f 1141/59/11 1142/63/11 1166/64/11 1165/58/11
f 1144/61/11 1143/60/11 970/57/11 971/62/11
f 1141/59/8 1143/60/8 1139/60/8 1137/59/8
f 1150/63/4 1149/59/4 1145/59/4 1146/66/4
f 1151/60/7 1152/61/7 1148/65/7 1147/60/7
f 1152/61/10 1150/63/10 1146/66/10 1148/65/10
f 1145/59/11 1147/60/11 1148/65/11 1146/66/11
f 1151/60/11 1149/59/11 1163/58/11 1023/57/11
f 1150/63/11 1152/61/11 1024/62/11 1164/64/11
f 1149/59/11 1150/63/11 1164/64/11 1163/58/11
f 1152/61/11 1151/60/11 1023/57/11 1024/62/11
f 1149/59/8 1151/60/8 1147/60/8 1145/59/8
f 1158/63/4 1157/59/4 1153/59/4 1154/66/4
f 1159/60/7 1160/61/7 1156/65/7 1155/60/7
f 1160/61/10 1158/63/10 1154/66/10 1156/65/10
f 1153/59/11 1155/60/11 1156/65/11 1154/66/11
f 1159/60/11 1157/59/11 1161/58/11 1079/57/11
f 1158/63/11 1160/61/11 1080/62/11 1162/64/11
f 1157/59/11 1158/63/11 1162/64/11 1161/58/11
f 1160/61/11 1159/60/11 1079/57/11 1080/62/11
f 1157/59/8 1159/60/8 1155/60/8 1153/59/8
f 1169/112/11 1167/115/11 1168/114/11 1170/113/11
f 1171/144/19 1169/16/19 1170/15/19 1172/145/19
f 1174/11/4 1173/14/4 1171/144/4 1172/145/4
f 1177/112/11 1170/113/11 1168/114/11 1175/115/11
f 1179/146/19 1172/145/19 1170/15/19 1177/16/19
f 1174/11/4 1172/145/4 1179/146/4 1181/14/4
f 1177/112/11 1175/115/11 1176/114/11 1178/113/11
f 1179/146/19 1177/16/19 1178/15/19 1180/145/19
f 1182/11/4 1181/14/4 1179/146/4 1180/145/4
f 1185/112/11 1178/113/11 1176/114/11 1183/115/11
f 1187/147/19 1180/145/19 1178/15/19 1185/16/19
f 1182/11/4 1180/145/4 1187/147/4 1189/14/4
f 1188/147/19 1186/16/19 1563/15/19 1564/148/19
f 1187/147/19 1185/16/19 1186/15/19 1188/148/19
f 1190/11/4 1189/14/4 1187/147/4 1188/148/4
f 360/122/22 359/123/22 1184/124/22 1573/149/22 1183/125/22
f 361/122/22 360/123/22 1183/124/22 1176/125/22
f 362/122/22 361/123/22 1176/124/22 1175/125/22
f 363/122/22 362/123/22 1175/124/22 1168/125/22
f 1194/131/8 1192/132/8 1196/132/8 1198/131/8
f 1191/133/11 1192/132/11 1249/134/11 1250/135/11
f 1194/131/11 1193/136/11 1189/137/11 1190/138/11
f 1193/136/11 1191/133/11 1250/135/11 1189/137/11
f 1192/132/11 1194/131/11 1190/138/11 1249/134/11
f 1198/131/11 1196/132/11 1195/139/11 1197/140/11
f 1191/133/10 1193/136/10 1197/140/10 1195/139/10
f 1192/132/7 1191/133/7 1195/139/7 1196/132/7
f 1193/136/4 1194/131/4 1198/131/4 1197/140/4
f 1202/131/8 1200/132/8 1204/132/8 1206/131/8
f 1199/133/11 1200/132/11 1241/134/11 1242/135/11
f 1202/131/11 1201/136/11 1181/137/11 1182/138/11
f 1201/136/11 1199/133/11 1242/135/11 1181/137/11
f 1200/132/11 1202/131/11 1182/138/11 1241/134/11
f 1206/131/11 1204/132/11 1203/139/11 1205/140/11
f 1199/133/10 1201/136/10 1205/140/10 1203/139/10
f 1200/132/7 1199/133/7 1203/139/7 1204/132/7
f 1201/136/4 1202/131/4 1206/131/4 1205/140/4
f 1210/131/8 1208/132/8 1212/132/8 1214/131/8
f 1207/133/11 1208/132/11 1233/134/11 1234/135/11
f 1210/131/11 1209/136/11 1173/137/11 1174/138/11
f 1209/136/11 1207/133/11 1234/135/11 1173/137/11
f 1208/132/11 1210/131/11 1174/138/11 1233/134/11
f 1214/131/11 1212/132/11 1211/139/11 1213/140/11
f 1207/133/10 1209/136/10 1213/140/10 1211/139/10
f 1208/132/7 1207/133/7 1211/139/7 1212/132/7
f 1209/136/4 1210/131/4 1214/131/4 1213/140/4
f 1218/131/10 1222/131/10 1220/132/10 1216/132/10
f 1215/133/11 1242/135/11 1233/134/11 1216/132/11
f 1218/131/11 1174/138/11 1181/137/11 1217/136/11
f 1217/136/11 1181/137/11 1242/135/11 1215/133/11
f 1216/132/11 1233/134/11 1174/138/11 1218/131/11
f 1222/131/11 1221/140/11 1219/139/11 1220/132/11
f 1215/133/8 1219/139/8 1221/140/8 1217/136/8
f 1216/132/7 1220/132/7 1219/139/7 1215/133/7
f 1217/136/4 1221/140/4 1222/131/4 1218/131/4
f 1226/131/10 1230/131/10 1228/132/10 1224/132/10
f 1223/133/11 1250/135/11 1241/134/11 1224/132/11
f 1226/131/11 1182/138/11 1189/137/11 1225/136/11
f 1225/136/11 1189/137/11 1250/135/11 1223/133/11
f 1224/132/11 1241/134/11 1182/138/11 1226/131/11
f 1230/131/11 1229/140/11 1227/139/11 1228/132/11
f 1223/133/8 1227/139/8 1229/140/8 1225/136/8
f 1224/132/7 1228/132/7 1227/139/7 1223/133/7
f 1225/136/4 1229/140/4 1230/131/4 1226/131/4
f 1165/11/4 1166/14/4 1232/13/4 1231/12/4
f 1232/13/19 1236/16/19 1235/15/19 1231/12/19
f 1236/17/11 1238/20/11 1237/19/11 1235/18/11
f 1233/21/7 1237/24/7 1238/23/7 1234/22/7
f 1165/11/4 1231/12/4 1240/13/4 1164/14/4
f 1240/13/19 1231/12/19 1235/15/19 1244/16/19
f 1244/17/11 1235/18/11 1237/19/11 1246/20/11
f 1233/21/7 1242/22/7 1246/23/7 1237/24/7
f 1163/11/4 1164/14/4 1240/13/4 1239/12/4
f 1240/13/19 1244/16/19 1243/15/19 1239/12/19
f 1244/17/11 1246/20/11 1245/19/11 1243/18/11
f 1241/21/7 1245/24/7 1246/23/7 1242/22/7
f 1163/11/4 1239/12/4 1248/13/4 1162/14/4
f 1248/13/19 1239/12/19 1243/15/19 1252/16/19
f 1252/17/11 1243/18/11 1245/19/11 1254/20/11
f 1241/21/7 1250/22/7 1254/23/7 1245/24/7
f 1161/11/4 1162/14/4 1248/13/4 1247/12/4
f 1248/13/19 1252/16/19 1251/15/19 1247/12/19
f 1252/17/11 1254/20/11 1253/19/11 1251/18/11
f 1249/21/7 1253/24/7 1254/23/7 1250/22/7
f 1124/141/11 1256/87/11 1123/90/11
f 1120/93/11 1121/142/11 1255/143/11 1256/91/11
f 364/122/22 363/123/22 1168/124/22 1167/125/22
f 1258/11/4 1259/12/4 1291/13/4 1289/14/4
f 1291/13/23 1259/12/23 1261/15/23 1295/16/23
f 1295/17/8 1261/18/8 1262/19/8 1297/20/8
f 1260/21/7 1293/22/7 1297/23/7 1262/24/7
f 1054/60/7 1053/61/7 1067/65/7 1068/60/7
f 1264/11/4 1265/12/4 1303/13/4 1301/14/4
f 1303/13/23 1265/12/23 1266/15/23 1305/16/23
f 1305/17/24 1266/18/24 1267/19/24 1307/20/24
f 1257/21/7 1287/22/7 1307/23/7 1267/24/7
f 1272/29/8 1269/30/8 1274/31/8 1273/32/8
f 1272/33/11 1271/34/11 1277/34/11 1278/33/11
f 1270/35/8 1271/34/8 1264/36/8 1301/37/8
f 1269/38/8 1270/35/8 1301/37/8 1309/39/8
f 1271/34/8 1272/33/8 1268/40/8 1264/36/8
f 1299/41/8 1274/42/8 1269/43/8 1309/44/8
f 1268/45/8 1272/46/8 1273/47/8 1263/48/8
f 1276/49/8 1275/50/8 1278/51/8 1277/52/8
f 1271/34/4 1270/35/4 1276/53/4 1277/34/4
f 1270/35/6 1269/38/6 1275/54/6 1276/53/6
f 1269/55/7 1272/56/7 1278/56/7 1275/55/7
f 1065/63/4 1066/59/4 1070/59/4 1069/66/4
f 1108/59/10 1072/60/10 1110/60/10 1112/59/10
f 1071/61/6 1072/60/6 32/57/6 33/62/6
f 1108/59/6 1107/63/6 35/64/6 34/58/6
f 1107/63/6 1071/61/6 33/62/6 35/64/6
f 1072/60/6 1108/59/6 34/58/6 32/57/6
f 1112/59/6 1110/60/6 1109/65/6 1111/66/6
f 1071/61/8 1107/63/8 1111/66/8 1109/65/8
f 1288/11/4 1289/14/4 1291/13/4 1290/12/4
f 1291/13/23 1295/16/23 1294/15/23 1290/12/23
f 1295/17/8 1297/20/8 1296/19/8 1294/18/8
f 1292/21/7 1296/24/7 1297/23/7 1293/22/7
f 1300/11/4 1301/14/4 1303/13/4 1302/12/4
f 1303/13/23 1305/16/23 1304/15/23 1302/12/23
f 1305/17/24 1307/20/24 1306/19/24 1304/18/24
f 1286/21/7 1306/24/7 1307/23/7 1287/22/7
f 1313/67/6 1314/68/6 1422/69/6 1421/70/6
f 1311/71/4 1312/72/4 1420/73/4 1544/74/4 1419/75/4
f 1311/76/8 1301/37/8 1300/36/8 1312/77/8
f 1310/78/8 1309/39/8 1301/37/8 1311/76/8
f 1312/77/8 1300/36/8 1308/40/8 1313/79/8
f 1299/41/8 1309/44/8 1310/80/8 1315/81/8
f 1308/45/8 1298/48/8 1314/82/8 1313/83/8
f 1072/60/7 1071/61/7 1109/65/7 1110/60/7
f 1107/63/4 1108/59/4 1112/59/4 1111/66/4
f 194/25/8 196/28/8 269/27/8 271/26/8
f 1280/59/8 1284/59/8 1282/60/8 1114/60/8
f 1113/61/6 33/62/6 2/57/6 1114/60/6
f 1280/59/6 3/58/6 35/64/6 1279/63/6
f 1279/63/6 35/64/6 33/62/6 1113/61/6
f 1114/60/6 2/57/6 3/58/6 1280/59/6
f 1284/59/6 1283/66/6 1281/65/6 1282/60/6
f 1288/11/4 1290/12/4 1347/13/4 1345/14/4
f 1347/13/23 1290/12/23 1294/15/23 1351/16/23
f 1351/17/8 1294/18/8 1296/19/8 1353/20/8
f 1292/21/7 1349/22/7 1353/23/7 1296/24/7
f 1113/61/10 1281/65/10 1283/66/10 1279/63/10
f 1300/11/4 1302/12/4 1359/13/4 1357/14/4
f 1359/13/23 1302/12/23 1304/15/23 1361/16/23
f 1361/17/24 1304/18/24 1306/19/24 1363/20/24
f 1286/21/7 1343/22/7 1363/23/7 1306/24/7
f 1327/29/8 1324/30/8 1329/31/8 1328/32/8
f 1327/33/11 1326/34/11 1332/34/11 1333/33/11
f 1325/35/8 1326/34/8 1300/36/8 1357/37/8
f 1324/38/8 1325/35/8 1357/37/8 1365/39/8
f 1326/34/8 1327/33/8 1308/40/8 1300/36/8
f 1355/41/8 1329/42/8 1324/43/8 1365/44/8
f 1308/45/8 1327/46/8 1328/47/8 1298/48/8
f 1331/49/8 1330/50/8 1333/51/8 1332/52/8
f 1326/34/4 1325/35/4 1331/53/4 1332/34/4
f 1325/35/6 1324/38/6 1330/54/6 1331/53/6
f 1324/55/7 1327/56/7 1333/56/7 1330/55/7
f 1114/60/7 1282/60/7 1281/65/7 1113/61/7
f 1279/63/4 1283/66/4 1284/59/4 1280/59/4
f 1318/59/8 1322/59/8 1320/60/8 1316/60/8
f 1285/61/6 93/62/6 32/57/6 1316/60/6
f 1318/59/6 34/58/6 95/64/6 1317/63/6
f 1317/63/6 95/64/6 93/62/6 1285/61/6
f 1316/60/6 32/57/6 34/58/6 1318/59/6
f 1322/59/6 1321/66/6 1319/65/6 1320/60/6
f 1344/11/4 1345/14/4 1347/13/4 1346/12/4
f 1347/13/23 1351/16/23 1350/15/23 1346/12/23
f 1351/17/8 1353/20/8 1352/19/8 1350/18/8
f 1348/21/7 1352/24/7 1353/23/7 1349/22/7
f 1356/11/4 1357/14/4 1359/13/4 1358/12/4
f 1359/13/23 1361/16/23 1360/15/23 1358/12/23
f 1361/17/24 1363/20/24 1362/19/24 1360/18/24
f 1342/21/7 1362/24/7 1363/23/7 1343/22/7
f 1369/29/8 1370/32/8 1371/31/8 1366/30/8
f 1369/33/6 1375/33/6 1374/34/6 1368/34/6
f 1367/35/8 1357/37/8 1356/36/8 1368/34/8
f 1366/38/8 1365/39/8 1357/37/8 1367/35/8
f 1368/34/8 1356/36/8 1364/40/8 1369/33/8
f 1355/41/8 1365/44/8 1366/43/8 1371/42/8
f 1364/45/8 1354/48/8 1370/47/8 1369/46/8
f 1373/49/8 1374/52/8 1375/51/8 1372/50/8
f 1368/34/4 1374/34/4 1373/53/4 1367/35/4
f 1367/35/11 1373/53/11 1372/54/11 1366/38/11
f 1366/55/7 1372/55/7 1375/56/7 1369/56/7
f 1285/61/10 1319/65/10 1321/66/10 1317/63/10
f 1316/60/7 1320/60/7 1319/65/7 1285/61/7
f 1317/63/4 1321/66/4 1322/59/4 1318/59/4
f 1336/59/8 1340/59/8 1338/60/8 1334/60/8
f 1323/61/6 143/62/6 92/57/6 1334/60/6
f 1336/59/6 94/58/6 145/64/6 1335/63/6
f 1335/63/6 145/64/6 143/62/6 1323/61/6
f 1334/60/6 92/57/6 94/58/6 1336/59/6
f 1340/59/6 1339/66/6 1337/65/6 1338/60/6
f 1344/11/4 1346/12/4 1395/13/4 1394/14/4
f 1395/13/23 1346/12/23 1350/15/23 1397/16/23
f 1397/17/8 1350/18/8 1352/19/8 1398/20/8
f 1348/21/7 1396/22/7 1398/23/7 1352/24/7
f 1323/61/10 1337/65/10 1339/66/10 1335/63/10
f 1356/11/4 1358/12/4 1401/13/4 1400/14/4
f 1401/13/23 1358/12/23 1360/15/23 1402/16/23
f 1402/17/24 1360/18/24 1362/19/24 1403/20/24
f 1342/21/7 1393/22/7 1403/23/7 1362/24/7
f 1386/29/8 1383/30/8 1388/31/8 1387/32/8
f 1386/33/11 1385/34/11 1391/34/11 1392/33/11
f 1384/35/8 1385/34/8 1356/36/8 1400/37/8
f 1383/38/8 1384/35/8 1400/37/8 1404/39/8
f 1385/34/8 1386/33/8 1364/40/8 1356/36/8
f 1399/41/8 1388/42/8 1383/43/8 1404/44/8
f 1364/45/8 1386/46/8 1387/47/8 1354/48/8
f 1390/49/8 1389/50/8 1392/51/8 1391/52/8
f 1385/34/4 1384/35/4 1390/53/4 1391/34/4
f 1384/35/6 1383/38/6 1389/54/6 1390/53/6
f 1383/55/7 1386/56/7 1392/56/7 1389/55/7
f 1334/60/7 1338/60/7 1337/65/7 1323/61/7
f 1335/63/4 1339/66/4 1340/59/4 1336/59/4
f 1378/59/8 1382/59/8 1380/60/8 1376/60/8
f 1341/61/6 195/62/6 142/57/6 1376/60/6
f 1378/59/6 144/58/6 197/64/6 1377/63/6
f 1377/63/6 197/64/6 195/62/6 1341/61/6
f 1376/60/6 142/57/6 144/58/6 1378/59/6
f 1382/59/6 1381/66/6 1379/65/6 1380/60/6
f 1545/87/8 1544/88/8 1420/89/8 1421/90/8
f 1545/91/8 1423/92/8 1418/93/8
f 1310/94/11 1311/95/11 1419/96/11 1418/97/11
f 1315/68/11 1310/67/11 1418/70/11 1423/69/11
f 1312/98/6 1313/99/6 1421/100/6 1420/101/6
f 1410/63/4 1406/66/4 1405/59/4 1409/59/4
f 1411/60/7 1407/60/7 1408/65/7 1412/61/7
f 1412/61/6 1408/65/6 1406/66/6 1410/63/6
f 1405/59/8 1406/66/8 1408/65/8 1407/60/8
f 1411/60/8 1348/57/8 1452/58/8 1409/59/8
f 1410/63/8 1451/64/8 1396/62/8 1412/61/8
f 1409/59/8 1452/58/8 1451/64/8 1410/63/8
f 1412/61/8 1396/62/8 1348/57/8 1411/60/8
f 1409/59/11 1405/59/11 1407/60/11 1411/60/11
f 1424/63/4 1414/66/4 1413/59/4 1417/59/4
f 1425/60/7 1415/60/7 1416/65/7 1426/61/7
f 1426/61/6 1416/65/6 1414/66/6 1424/63/6
f 1413/59/8 1414/66/8 1416/65/8 1415/60/8
f 1425/60/8 1292/57/8 1454/58/8 1417/59/8
f 1424/63/8 1453/64/8 1349/62/8 1426/61/8
f 1417/59/8 1454/58/8 1453/64/8 1424/63/8
f 1426/61/8 1349/62/8 1292/57/8 1425/60/8
f 1417/59/11 1413/59/11 1415/60/11 1425/60/11
f 1432/63/4 1428/66/4 1427/59/4 1431/59/4
f 1433/60/7 1429/60/7 1430/65/7 1434/61/7
f 1434/61/6 1430/65/6 1428/66/6 1432/63/6
f 1427/59/8 1428/66/8 1430/65/8 1429/60/8
f 1433/60/8 1260/57/8 1456/58/8 1431/59/8
f 1432/63/8 1455/64/8 1293/62/8 1434/61/8
f 1431/59/8 1456/58/8 1455/64/8 1432/63/8
f 1434/61/8 1293/62/8 1260/57/8 1433/60/8
f 1431/59/11 1427/59/11 1429/60/11 1433/60/11
f 1440/63/4 1439/59/4 1435/59/4 1436/66/4
f 1441/60/7 1442/61/7 1438/65/7 1437/60/7
f 1442/61/11 1440/63/11 1436/66/11 1438/65/11
f 1435/59/8 1437/60/8 1438/65/8 1436/66/8
f 1441/60/8 1439/59/8 1454/58/8 1292/57/8
f 1440/63/8 1442/61/8 1293/62/8 1455/64/8
f 1439/59/8 1440/63/8 1455/64/8 1454/58/8
f 1442/61/8 1441/60/8 1292/57/8 1293/62/8
f 1439/59/6 1441/60/6 1437/60/6 1435/59/6
f 1448/63/4 1447/59/4 1443/59/4 1444/66/4
f 1449/60/7 1450/61/7 1446/65/7 1445/60/7
f 1450/61/11 1448/63/11 1444/66/11 1446/65/11
f 1443/59/8 1445/60/8 1446/65/8 1444/66/8
f 1449/60/8 1447/59/8 1452/58/8 1348/57/8
f 1448/63/8 1450/61/8 1349/62/8 1453/64/8
f 1447/59/8 1448/63/8 1453/64/8 1452/58/8
f 1450/61/8 1449/60/8 1348/57/8 1349/62/8
f 1447/59/6 1449/60/6 1445/60/6 1443/59/6
f 1464/147/23 1458/150/23 1457/15/23 1462/16/23
f 1459/11/4 1458/150/4 1464/147/4 1466/14/4
f 1462/112/8 1460/115/8 1461/114/8 1463/113/8
f 1464/147/23 1462/16/23 1463/15/23 1465/150/23
f 1467/11/4 1466/14/4 1464/147/4 1465/150/4
f 1470/112/8 1463/113/8 1461/114/8 1468/115/8
f 1472/151/23 1465/150/23 1463/15/23 1470/16/23
f 1467/11/4 1465/150/4 1472/151/4 1474/14/4
f 1470/112/8 1468/115/8 1469/114/8 1471/113/8
f 1472/151/23 1470/16/23 1471/15/23 1473/152/23
f 1475/11/4 1474/14/4 1472/151/4 1473/152/4
f 1477/112/8 1471/113/8 1469/114/8 1476/115/8
f 1478/153/23 1473/152/23 1471/15/23 1477/16/23
f 1475/11/4 1473/152/4 1478/153/4 1479/14/4
f 861/122/25 862/123/25 1476/124/25 1469/125/25
f 860/122/25 861/123/25 1469/124/25 1468/125/25
f 859/122/25 860/123/25 1468/124/25 1461/125/25
f 858/122/25 859/123/25 1461/124/25 1460/125/25
f 857/122/26 858/123/26 1460/124/26 1572/154/26 1184/125/26
f 1483/131/6 1481/132/6 1485/132/6 1487/131/6
f 1480/133/8 1481/132/8 1534/134/8 1535/135/8
f 1483/131/8 1482/136/8 1474/137/8 1475/138/8
f 1482/136/8 1480/133/8 1535/135/8 1474/137/8
f 1481/132/8 1483/131/8 1475/138/8 1534/134/8
f 1487/131/8 1485/132/8 1484/139/8 1486/140/8
f 1480/133/11 1482/136/11 1486/140/11 1484/139/11
f 1481/132/7 1480/133/7 1484/139/7 1485/132/7
f 1482/136/4 1483/131/4 1487/131/4 1486/140/4
f 1491/131/6 1489/132/6 1493/132/6 1495/131/6
f 1488/133/8 1489/132/8 1526/134/8 1527/135/8
f 1491/131/8 1490/136/8 1466/137/8 1467/138/8
f 1490/136/8 1488/133/8 1527/135/8 1466/137/8
f 1489/132/8 1491/131/8 1467/138/8 1526/134/8
f 1495/131/8 1493/132/8 1492/139/8 1494/140/8
f 1488/133/11 1490/136/11 1494/140/11 1492/139/11
f 1489/132/7 1488/133/7 1492/139/7 1493/132/7
f 1490/136/4 1491/131/4 1495/131/4 1494/140/4
f 1499/131/11 1503/131/11 1501/132/11 1497/132/11
f 1496/133/8 1527/135/8 1521/134/8 1497/132/8
f 1499/131/8 1459/138/8 1466/137/8 1498/136/8
f 1498/136/8 1466/137/8 1527/135/8 1496/133/8
f 1497/132/8 1521/134/8 1459/138/8 1499/131/8
f 1503/131/8 1502/140/8 1500/139/8 1501/132/8
f 1496/133/6 1500/139/6 1502/140/6 1498/136/6
f 1497/132/7 1501/132/7 1500/139/7 1496/133/7
f 1498/136/4 1502/140/4 1503/131/4 1499/131/4
f 1507/131/11 1511/131/11 1509/132/11 1505/132/11
f 1504/133/8 1535/135/8 1526/134/8 1505/132/8
f 1507/131/8 1467/138/8 1474/137/8 1506/136/8
f 1506/136/8 1474/137/8 1535/135/8 1504/133/8
f 1505/132/8 1526/134/8 1467/138/8 1507/131/8
f 1511/131/8 1510/140/8 1508/139/8 1509/132/8
f 1504/133/6 1508/139/6 1510/140/6 1506/136/6
f 1505/132/7 1509/132/7 1508/139/7 1504/133/7
f 1506/136/4 1510/140/4 1511/131/4 1507/131/4
f 1515/131/11 1519/131/11 1517/132/11 1513/132/11
f 1512/133/8 1541/135/8 1534/134/8 1513/132/8
f 1515/131/8 1475/138/8 1479/137/8 1514/136/8
f 1514/136/8 1479/137/8 1541/135/8 1512/133/8
f 1513/132/8 1534/134/8 1475/138/8 1515/131/8
f 1519/131/8 1518/140/8 1516/139/8 1517/132/8
f 1512/133/6 1516/139/6 1518/140/6 1514/136/6
f 1513/132/7 1517/132/7 1516/139/7 1512/133/7
f 1514/136/4 1518/140/4 1519/131/4 1515/131/4
f 1456/11/4 1520/12/4 1525/13/4 1455/14/4
f 1525/13/23 1520/12/23 1522/15/23 1529/16/23
f 1529/17/8 1522/18/8 1523/19/8 1531/20/8
f 1521/21/7 1527/22/7 1531/23/7 1523/24/7
f 1454/11/4 1455/14/4 1525/13/4 1524/12/4
f 1525/13/23 1529/16/23 1528/15/23 1524/12/23
f 1529/17/8 1531/20/8 1530/19/8 1528/18/8
f 1526/21/7 1530/24/7 1531/23/7 1527/22/7
f 1454/11/4 1524/12/4 1533/13/4 1453/14/4
f 1533/13/23 1524/12/23 1528/15/23 1537/16/23
f 1537/17/8 1528/18/8 1530/19/8 1539/20/8
f 1526/21/7 1535/22/7 1539/23/7 1530/24/7
f 1452/11/4 1453/14/4 1533/13/4 1532/12/4
f 1533/13/23 1537/16/23 1536/15/23 1532/12/23
f 1537/17/8 1539/20/8 1538/19/8 1536/18/8
f 1534/21/7 1538/24/7 1539/23/7 1535/22/7
f 1452/11/4 1532/12/4 1540/13/4 1451/14/4
f 1540/13/23 1532/12/23 1536/15/23 1542/16/23
f 1542/17/8 1536/18/8 1538/19/8 1543/20/8
f 1534/21/7 1541/22/7 1543/23/7 1538/24/7
f 1422/141/8 1545/87/8 1421/90/8
f 1418/93/8 1419/142/8 1544/143/8 1545/91/8
f 856/122/27 857/123/27 1184/125/27
f 359/122/22 358/123/22 1184/125/22
f 856/122/27 1184/125/27 1/10/27
f 358/123/22 1/1/22 1184/125/22
f 1546/29/8 1268/30/8 1263/31/8 1547/32/8
f 1549/45/8 1546/46/8 1547/47/8 1548/48/8
f 1550/29/11 1551/32/11 1085/31/11 1095/30/11
f 1549/45/11 1548/48/11 1551/47/11 1550/46/11
f 1257/21/7 1267/24/7 1561/24/7 1552/21/7
f 1261/15/28 1259/12/28 1554/12/28 1556/15/28
f 1456/58/8 1260/57/8 1555/57/8 1562/58/8
f 1457/15/29 1458/150/29 1564/155/29 1563/15/29
f 1459/138/8 1521/134/8 1567/134/8 1565/138/8
f 1262/19/8 1261/18/8 1556/18/8 1557/19/8
f 1341/61/10 1379/65/10 1381/66/10 1377/63/10
f 1458/150/4 1459/11/4 1565/11/4 1564/155/4
f 1260/21/7 1262/24/7 1557/24/7 1555/21/7
f 1265/12/4 1264/11/4 1558/11/4 1559/12/4
f 1522/15/28 1520/12/28 1566/12/28 1568/15/28
f 1266/15/30 1265/12/30 1559/12/30 1560/15/30
f 1520/12/4 1456/11/4 1562/11/4 1566/12/4
f 1523/19/8 1522/18/8 1568/18/8 1569/19/8
f 1267/19/31 1266/18/31 1560/18/31 1561/19/31
f 1521/21/7 1523/24/7 1569/24/7 1567/21/7
f 1259/12/4 1258/11/4 1553/11/4 1554/12/4
f 1376/60/7 1380/60/7 1379/65/7 1341/61/7
f 1190/11/4 1188/148/4 1564/156/4 1565/11/4
f 1247/12/32 1251/15/32 1568/15/32 1566/12/32
f 1083/24/7 1079/21/7 1555/21/7 1557/24/7
f 1249/134/11 1190/138/11 1565/138/11 1567/134/11
f 1251/18/11 1253/19/11 1569/19/11 1568/18/11
f 1077/12/32 1081/15/32 1556/15/32 1554/12/32
f 1089/12/33 1091/15/33 1560/15/33 1559/12/33
f 1093/24/7 1073/21/7 1552/21/7 1561/24/7
f 1075/11/4 1077/12/4 1554/12/4 1553/11/4
f 1253/24/7 1249/21/7 1567/21/7 1569/24/7
f 1087/11/4 1089/12/4 1559/12/4 1558/11/4
f 1081/18/11 1083/19/11 1557/19/11 1556/18/11
f 1079/57/11 1161/58/11 1562/58/11 1555/57/11
f 1091/18/34 1093/19/34 1561/19/34 1560/18/34
f 1161/11/4 1247/12/4 1566/12/4 1562/11/4
f 1264/157/8 1268/158/8 1546/158/8 1549/159/8 1558/157/8
f 1570/160/11 1571/161/11 1550/162/11 1095/163/11 1087/164/11
f 1457/112/8 1572/115/8 1460/114/8 1462/113/8
f 1563/112/35 1184/115/35 1572/114/35 1457/113/35
f 1186/112/11 1185/113/11 1183/114/11 1573/115/11
f 1563/112/11 1186/113/11 1573/114/11 1184/115/11
f 1377/63/4 1381/66/4 1382/59/4 1378/59/4
f 1574/25/8 270/86/8 271/27/8 979/28/8 986/85/8
f 965/84/8 979/28/8 271/27/8
f 971/25/8 269/26/8 311/27/8 1166/28/8
f 1575/84/8 1173/28/8 365/27/8
f 1575/25/8 365/121/8 366/120/8
f 1234/25/8 311/26/8 365/27/8 1173/28/8
f 1234/84/8 1166/28/8 311/27/8
f 971/84/8 967/28/8 269/27/8
f 1167/116/8 1575/165/8 366/118/8 364/117/8
f 1167/166/8 1169/167/8 1171/168/8 1575/169/8
f 1173/170/8 1575/169/8 1171/168/8
f 1238/166/8 1236/167/8 1232/168/8 1234/169/8
f 1166/170/8 1234/169/8 1232/168/8
f 975/166/8 973/167/8 969/168/8 971/169/8
f 967/170/8 971/169/8 969/168/8
f 1576/166/8 983/167/8 981/168/8 965/169/8
f 979/170/8 965/169/8 981/168/8
f 849/116/11 1581/165/11 1579/118/11 862/117/11
f 849/166/11 851/167/11 853/168/11 1581/169/11
f 855/170/11 1581/169/11 853/168/11
f 960/166/11 958/167/11 954/168/11 956/169/11
f 813/170/11 956/169/11 954/168/11
f 711/166/11 709/167/11 705/168/11 707/169/11
f 703/170/11 707/169/11 705/168/11
f 1582/166/11 718/167/11 716/168/11 701/169/11
f 714/170/11 701/169/11 716/168/11
f 723/45/10 686/46/10 691/47/10 1583/48/10
f 723/45/10 1583/48/10 729/47/10 724/46/10
l 247 248
l 752 753
